id,function,bleurt,ref,hyp
F001,PauseProgram,0.7528631687164307,この関数は、ユーザーにEnterキーを押すよう促し、押された後にメインメニューに戻るための一時停止を実行します。,この関数は、ユーザーがEnterキーを押すまでプログラムを一時停止し、メインメニューに戻るよう促すためのものです。
F002,ScreenHeader,0.6694204807281494,指定されたタイトルを画面上に装飾付きで表示するための関数で、画面をクリアした後にタイトルを囲む形でアスタリスクのラインを追加して出力します。,この関数は、画面をクリアした後、指定されたタイトルを装飾ラインで囲んで標準出力に表示します。
F003,ReadIntBetween,0.7526683211326599,指定された範囲内の整数をユーザーから入力させ、その値を返す関数です。範囲外の値が入力された場合は、再入力を促します。,この関数は、ユーザーに指定された範囲内の整数を入力させ、範囲外の入力があった場合は再入力を促し、範囲内の整数が入力されるとその整数を返します。
F004,ReadDate,0.6921120285987854,ユーザーに日付入力を促すメッセージを表示し、入力された日、月、年をそれぞれ整数として読み取り、stDate構造体に格納して返す関数です。,ユーザーから日付を入力として受け取り、それをstDate構造体に格納して返す関数です。
F005,ReadTime,0.7953158020973206,ユーザーにメッセージを表示して時刻（時間と分）を入力させ、その入力された時刻をstTime構造体として返す関数です。,ユーザーにメッセージを表示して時と分を入力させ、それをstTime構造体に格納して返す関数です。
F006,IsDate1BeforeDate2,0.921772301197052,この関数は、2つの日付を比較し、最初の日付が2番目の日付よりも前であるかどうかを判定します。,この関数は、2つの日付を比較して、最初の日付が2番目の日付よりも前であるかどうかを判定します。
F007,IsTime1BeforeTime2,0.7386215925216675,この関数は、2つの時間構造体を比較し、最初の時間が2番目の時間よりも前であるかどうかを判定します。,この関数は、与えられた2つの時間（Time1とTime2）を比較し、Time1がTime2よりも前の時間であるかどうかを判定します。
F008,ExitScreen,0.3607115149497986,この関数は、コンソール画面をクリアした後、プロジェクトの終了画面を表示し、開発者の名前とグループ番号を示します。,このC関数 `ExitScreen` は、2つの日付 `Date1` と `Date2` を比較し、`Date1` の日が `Date2` の日よりも前であるかどうかを判定します。
F009,MainMenu,0.6741575598716736,この関数は、ユーザー、部屋、予約の管理メニューを選択できるメインメニューを表示し、ユーザーの選択に応じてそれぞれの管理メニューを呼び出す機能を提供します。選択肢にはユーザー管理、部屋管理、予約管理、およびプログラムの終了が含まれ、ユーザーが終了を選択するまでループします。,この関数は、ユーザーにメインメニューを表示し、選択に応じてユーザー管理、部屋管理、予約管理の各メニューを呼び出し、選択が4の場合はプログラムを終了する役割を持ちます。
F010,main,0.5691762566566467,この関数は、プログラムのエントリーポイントとしてメインメニューを表示する処理を開始します。,この関数は、プログラムのエントリーポイントとしてメインメニューを表示し、正常終了を示す0を返します。
F011,DisplayUserCard,0.6895338296890259,指定されたユーザー情報（ID、名前、姓）をフォーマットされた形でコンソールに表示する関数です。,この関数は、ユーザー構造体の情報をフォーマットして、ID、名前、姓を標準出力に表示します。
F012,ReadUserInfo,0.6089613437652588,この関数は、ユーザーのID、名前、姓を標準入力から取得し、指定されたユーザー情報構造体に格納します。IDは0から9999の範囲で整数として読み取られ、次のユーザー情報へのポインタはNULLに初期化されます。,この関数は、ユーザーからID、名前、苗字を入力させ、それらを指定されたUserPtr構造体に格納し、NextポインタをNULLに設定します。
F013,SearchUserByFirstName,0.6289709210395813,与えられたユーザーリストから指定された名前と一致するユーザーを検索し、該当するユーザーが存在する場合はそのユーザー情報を表示し、存在フラグを更新します。,ユーザーリストを線形探索し、指定された名前と一致するユーザーが見つかった場合にその情報を表示し、フラグをtrueに設定します。
F014,SearchUserByID,0.7757753729820251,この関数は、ユーザーのリストを線形に探索し、指定されたIDを持つユーザーを見つけてそのポインタを返します。見つからない場合はNULLを返します。,この関数は、ユーザーリストを順に走査して指定されたIDを持つユーザーを検索し、見つかればそのユーザーへのポインタを返し、見つからなければNULLを返します。
F015,AddNewUser,0.7539563775062561,この関数は、新しいユーザーを既存のユーザーリストの末尾に追加し、更新されたユーザーリストを返します。ユーザーリストが空の場合は、新しいユーザーをリストの先頭として設定します。,この関数は、新しいユーザーを既存のユーザーリストの末尾に追加し、更新されたユーザーリストを返します。
F016,DeleteUserByID,0.7697317600250244,指定されたIDを持つユーザーをリンクリストから削除し、更新されたリストを返す関数です。,指定されたIDを持つユーザーをリンクリストから見つけて削除し、リストを更新して返します。
F017,AddNewUserScreen,0.6757726669311523,この関数は、新しいユーザー情報を入力し、ユーザーリストに追加する処理を行います。既存のユーザーIDと重複がない場合にのみ追加し、重複がある場合はその旨を通知します。,新しいユーザー情報を入力し、既存のユーザーリストに同じIDのユーザーが存在しない場合に追加し、成功または警告メッセージを表示する関数です。
F018,SearchUserByFirstNameScreen,0.6243560910224915,この関数は、ユーザーリストから指定された名前でユーザーを検索し、見つからなかった場合には「ユーザーが見つからない」と表示する画面を提供します。,ユーザーに名前の入力を求め、その名前でユーザーリストを検索し、見つからなければ「User not Found!」と表示する関数です。
F019,SearchUserByIDScreen,0.7420676946640015,この関数は、ユーザーリストから指定されたIDのユーザーを検索し、見つかった場合はそのユーザーの情報を表示し、見つからなかった場合は「ユーザーが見つからない」と表示します。,ユーザーIDを入力してユーザーリストから該当するユーザーを検索し、見つかった場合はその情報を表示し、見つからなかった場合はエラーメッセージを表示する関数です。
F020,DisplayUserListScreen,0.6238337755203247,この関数は、ユーザーのリストを画面に表示し、リストが空の場合はその旨を通知します。リスト内の各ユーザーについては、個別のユーザーカードを表示し、処理の最後にプログラムを一時停止します。,ユーザーリストを画面に表示し、リストが空の場合はその旨を表示する関数です。
F021,DeleteUserScreen,0.6606370210647583,この関数は、ユーザーIDを入力して該当するユーザーを検索し、確認後にそのユーザーを削除する処理を行います。ユーザーが見つからない場合はエラーメッセージを表示し、削除が成功した場合は成功メッセージを表示します。,この関数は、ユーザーリストから指定されたIDのユーザーを削除するための画面を表示し、ユーザーの存在確認と削除の承認を経て、削除が承認された場合はユーザーをリストから削除します。
F022,UserManagementMenu,0.6190287470817566,この関数は、ユーザー管理メニューを表示し、ユーザーの追加、名前やIDによる検索、ユーザー一覧の表示、ユーザーの削除といった操作を選択して実行できるインターフェースを提供します。ユーザーが「メインメニュー」を選択するまでループを続けます。,この関数は、ユーザーに対してユーザー管理に関する操作を選択させ、選択された操作を実行するためのメニューを表示します。
F023,DisplayRoomCard,0.7548800706863403,この関数は、指定された部屋のID、名前、予約状況、および予約されている場合はその日付と時間をフォーマットしてコンソールに表示します。,指定された部屋のID、名前、予約状況、および予約されている場合はその日時をフォーマットして表示する関数です。
F024,ReadRoomInfo,0.7036749720573425,この関数は、ユーザーから部屋のIDと名前を入力させ、それをRoomInfo構造体に格納し、初期状態として予約されていないことを示すフラグを設定し、次の部屋情報へのポインタをNULLに初期化します。,この関数は、ユーザーから部屋のIDと名前を入力し、それを構造体に格納し、予約状態を初期化して次の部屋へのポインタをNULLに設定するためのものです。
F025,SearchRoomByID,0.784324586391449,この関数は、リンクリスト形式で管理されている部屋のリストから指定されたIDを持つ部屋を検索し、その部屋のポインタを返します。指定されたIDの部屋が見つからない場合はNULLを返します。,この関数は、リンクリスト内の指定されたIDを持つ部屋を検索し、その部屋が見つかればそのポインタを返し、見つからなければNULLを返します。
F026,AddNewRoom,0.7439648509025574,この関数は、新しい部屋（NewRoom）を既存の部屋リスト（RoomList）の末尾に追加し、更新された部屋リストを返します。リストが空の場合は、新しい部屋をリストの先頭として返します。,この関数は、新しい部屋を既存の部屋リストの末尾に追加し、更新されたリストを返します。
F027,SearchRoomByName,0.7174639701843262,指定された名前を持つ部屋がリスト内に存在するかを検索し、見つかった場合はその部屋の情報を表示し、存在フラグを更新します。,指定された名前に一致する部屋をリストから検索し、見つかった場合にその部屋の情報を表示し、存在フラグを真に設定する関数です。
F028,DeleteRoomByID,0.6209774017333984,指定されたIDを持つ部屋をリンクリストから削除し、更新されたリストを返す関数です。,この関数は、リンクリストから指定されたIDの部屋を削除し、そのノードのメモリを解放して更新されたリストの先頭を返します。
F029,AddNewRoomScreen,0.6174498796463013,この関数は、新しい部屋の情報を入力し、既存のリストに同じIDの部屋が存在しない場合にその部屋を追加する機能を提供します。既に同じIDの部屋が存在する場合は、追加せずにその旨を表示します。,この関数は、新しい部屋の情報を入力し、部屋IDが既存のリストにない場合にその部屋をリストに追加し、成功またはエラーメッセージを表示するための画面を提供します。
F030,SearchRoomByNameScreen,0.6857118010520935,この関数は、ユーザーに部屋の名前を入力させ、その名前に一致する部屋がリスト内に存在するかを検索し、存在しない場合は「部屋が見つからない」と表示します。,ユーザーが入力した部屋の名前を基にリスト内の部屋を検索し、見つからない場合は「Room not Found!」と表示してプログラムを一時停止する機能を持つ関数です。
F031,SearchRoomByIDScreen,0.724776566028595,この関数は、ユーザーに部屋のIDを入力させ、そのIDに対応する部屋をリストから検索し、見つかった場合は部屋の情報を表示し、見つからない場合はその旨を通知します。,ユーザーが入力したIDを基に部屋リストから部屋を検索し、見つかった場合は部屋情報を表示し、見つからなかった場合はエラーメッセージを表示する関数です。
F032,DisplayRoomListScreen,0.6580695509910583,この関数は、与えられた部屋のリストを画面に表示し、リストが空の場合はその旨を通知します。リスト内の各部屋については、詳細情報を個別に表示し、処理の最後にプログラムを一時停止します。,この関数は、部屋リストが空かどうかを確認し、空であれば「リストは空です！」というメッセージを表示し、そうでなければ各部屋の情報を順に画面に表示する機能を持っています。
F033,DeleteRoomScreen,0.6292072534561157,この関数は、ユーザーに部屋のIDを入力させ、そのIDに対応する部屋が存在する場合は削除するかどうかを確認し、ユーザーが削除を選択した場合にその部屋を削除する機能を提供します。部屋が見つからない場合や削除が完了した場合には、それぞれ適切なメッセージを表示します。,指定されたIDの部屋をリストから削除するための画面を表示し、ユーザーにIDを入力させ、削除の確認を経て、承認された場合に削除を実行します。
F034,CheckRoomAvailabilityScreen,0.7778339982032776,この関数は、部屋の空き状況を名前またはIDで検索するための画面を表示し、ユーザーの選択に応じて適切な検索処理を呼び出します。,この関数は、ユーザーに部屋の空き状況を名前またはIDで確認する方法を選択させ、その選択に基づいて適切な検索関数を呼び出す画面を表示します。
F035,RoomManagementMenu,0.6630160808563232,この関数は、部屋の管理メニューを表示し、ユーザーの選択に応じて新しい部屋の追加、名前やIDによる検索、部屋一覧の表示、部屋の削除、部屋の空き状況の確認を行う機能を提供します。ユーザーがメインメニューを選択するまでループを続けます。,この関数は、ユーザーに部屋管理に関する選択肢を提示し、選択に応じて部屋の追加、検索、表示、削除、空室確認、またはメインメニューへの移行を行うためのメニューを表示します。
F036,DisplayReservationCard,0.584117591381073,この関数は、予約情報を受け取り、その詳細（ID、ユーザーID、部屋ID、日付、開始時間と終了時間）をフォーマットしてコンソールに表示します。,この関数は、Reservation構造体の情報をフォーマットして標準出力に表示することで、予約の詳細を明確に示します。
F037,SearchReservationByID,0.5979358553886414,与えられた予約リストから指定されたIDを持つ予約を検索し、見つかった場合はその予約へのポインタを返します。見つからない場合はNULLを返します。,この関数は、予約リストを線形探索して指定されたIDと一致する最初の予約を見つけ、そのポインタを返すことを目的としています。
F038,DeleteReservationByID,0.6649108529090881,この関数は、予約リストから指定されたIDの予約を削除し、更新された予約リストを返します。リストの先頭から順にIDを検索し、該当する予約を見つけた場合はそのメモリを解放してリストを再構築します。,この関数は、予約リストから指定されたIDの予約を見つけて削除し、必要に応じてリストの先頭を更新します。
F039,ReadReservationPeriod,0.6828715205192566,この関数は、予約情報を入力し、その情報を指定された予約構造体と部屋構造体に格納して、部屋の予約状態を更新します。,ユーザーから予約の日付と時間を入力させ、それを予約情報と部屋情報に設定し、部屋の予約状態を更新する関数です。
F040,ReadReservationInfo,0.6414632797241211,この関数は、予約情報を入力し、既存の予約やユーザー、部屋の情報と照合して新しい予約を作成するためのもので、重複する予約IDや無効なユーザーID、予約済みの部屋が選択されないように入力をチェックします。,この関数は、ユーザーから予約ID、ユーザーID、部屋IDを入力させ、それらが有効であることを確認した上で予約期間を設定し、予約情報を予約リストに追加することを目的としています。
F041,AddNewReservation,0.8278945088386536,この関数は、新しい予約を既存の予約リストの末尾に追加し、更新された予約リストを返します。リストが空の場合は、新しい予約をそのまま返します。,この関数は、新しい予約を既存の予約リストの末尾に追加し、更新された予約リストを返します。
F042,AddNewReservationScreen,0.6535812020301819,この関数は、新しい予約情報を入力し、予約リストに追加する機能を提供します。ユーザーと部屋の情報を参照しながら新規予約を作成し、成功メッセージを表示した後、プログラムを一時停止します。,この関数は、新しい予約を追加するための画面を表示し、ユーザーと部屋の情報を基に予約情報を取得して予約リストに追加し、成功メッセージを表示する機能を持っています。
F043,DeleteReservationScreen,0.6498906016349792,この関数は、ユーザーに予約IDを入力させ、そのIDに対応する予約が存在する場合は詳細を表示し、ユーザーの確認を得た上でその予約を削除し、関連する部屋の予約状態を更新します。予約が見つからない場合はその旨を通知します。,この関数は、ユーザーに予約IDを入力させ、そのIDに基づいて予約を検索し、存在する場合は削除確認を行い、ユーザーが承認した場合に予約を削除する機能を提供します。
F044,DisplayReservationsScreen,0.7167559266090393,この関数は、予約リストを画面に表示し、リストが空の場合はその旨を通知し、リストが存在する場合は各予約の詳細を順に表示します。,この関数は、予約リストが空かどうかを確認し、空であれば「リストは空です！」と表示し、そうでなければ各予約を番号付きで順に表示する画面を出力します。
F045,SwapReservationData,0.6575778126716614,この関数は、2つの予約データ構造体の全てのフィールドを入れ替えることで、予約情報を交換します。,この関数は、2つの予約データ構造体の各フィールドの値を一時変数を用いて正確に入れ替えることを目的としています。
F046,SortReservationsByDate,0.6611565947532654,この関数は、予約リストを日付順に並べ替えるために、リスト内の予約データを比較し、必要に応じてデータを交換することで、予約リストを昇順にソートします。,この関数は、予約リストを日付が早い順に並べ替えるために、リスト内の各予約を比較して必要に応じてデータを入れ替えることでソートを行います。
F047,SortReservationsByDateScreen,0.6202754974365234,この関数は、予約のリストを日付順にソートし、ソートが成功したことをユーザーに通知する画面を表示します。リストが空の場合は、その旨を表示します。,この関数は、予約リストが空でない場合に日付順にソートし、結果を表示する画面を提供します。
F048,ReservationManagementMenu,0.6862425208091736,この関数は、予約管理メニューを表示し、ユーザーの選択に応じて新規予約の追加、予約の削除、予約一覧の表示、予約の日時順ソートを行う機能を提供します。,この関数は、予約管理メニューを表示し、ユーザーの選択に基づいて予約の追加、削除、表示、日付でのソートを行い、メニューを終了するまで繰り返します。
