file,question,correct_answer,choice_index,choice_text,similarity_to_correct,bleurt_score,is_correct
AddNewReservation.json,関数の目的を最も正しく説明している選択肢は？,この関数は、新しい予約を既存の予約リストの末尾に追加する。,0,この関数は、予約リストの中間に新しい予約を挿入する。,0.8969014286994934,0.7079256176948547,False
AddNewReservation.json,関数の目的を最も正しく説明している選択肢は？,この関数は、新しい予約を既存の予約リストの末尾に追加する。,1,この関数は、新しい予約を既存の予約リストの末尾に追加する。,0.9999999403953552,0.9554663300514221,True
AddNewReservation.json,関数の目的を最も正しく説明している選択肢は？,この関数は、新しい予約を既存の予約リストの末尾に追加する。,2,この関数は、予約リストを新しい予約で置き換える。,0.8549145460128784,0.6479054093360901,False
AddNewReservation.json,関数の目的を最も正しく説明している選択肢は？,この関数は、新しい予約を既存の予約リストの末尾に追加する。,3,この関数は、新しい予約を予約リストの先頭に追加する。,0.9028533101081848,0.771514356136322,False
AddNewReservationScreen.json,関数の目的を最も正しく説明している選択肢は？,AddNewReservationScreen 関数は、新しい予約を作成し、既存の予約リストに追加するためのものである。,0,AddNewReservationScreen 関数は、ユーザーリストを更新し、新しいユーザーを追加するためのものである。,0.7875190377235413,0.6853237748146057,False
AddNewReservationScreen.json,関数の目的を最も正しく説明している選択肢は？,AddNewReservationScreen 関数は、新しい予約を作成し、既存の予約リストに追加するためのものである。,1,AddNewReservationScreen 関数は、予約情報を読み取り、ユーザーに予約の詳細を表示するためのものである。,0.853130578994751,0.6759135723114014,False
AddNewReservationScreen.json,関数の目的を最も正しく説明している選択肢は？,AddNewReservationScreen 関数は、新しい予約を作成し、既存の予約リストに追加するためのものである。,2,AddNewReservationScreen 関数は、部屋リストを更新し、新しい部屋を追加するためのものである。,0.7620103359222412,0.6833167672157288,False
AddNewReservationScreen.json,関数の目的を最も正しく説明している選択肢は？,AddNewReservationScreen 関数は、新しい予約を作成し、既存の予約リストに追加するためのものである。,3,AddNewReservationScreen 関数は、新しい予約を作成し、既存の予約リストに追加するためのものである。,1.0,0.9430660605430603,True
AddNewRoom.json,関数の目的を最も正しく説明している選択肢は？,この関数は、新しい部屋を既存の部屋リストの末尾に追加し、更新されたリストを返します。,0,この関数は、既存の部屋リスト内のすべての部屋を削除し、新しい部屋だけを含むリストを返します。,0.8439716696739197,0.7048178315162659,False
AddNewRoom.json,関数の目的を最も正しく説明している選択肢は？,この関数は、新しい部屋を既存の部屋リストの末尾に追加し、更新されたリストを返します。,1,この関数は、新しい部屋を既存の部屋リストの末尾に追加し、更新されたリストを返します。,0.9999998807907104,0.9352532625198364,True
AddNewRoom.json,関数の目的を最も正しく説明している選択肢は？,この関数は、新しい部屋を既存の部屋リストの末尾に追加し、更新されたリストを返します。,2,この関数は、新しい部屋を既存の部屋リストの先頭に追加し、更新されたリストを返します。,0.9743582010269165,0.8477172255516052,False
AddNewRoom.json,関数の目的を最も正しく説明している選択肢は？,この関数は、新しい部屋を既存の部屋リストの末尾に追加し、更新されたリストを返します。,3,この関数は、既存の部屋リストを逆順にし、新しい部屋をリストの先頭に追加します。,0.9186843633651733,0.6769296526908875,False
AddNewRoomScreen.json,関数の目的を最も正しく説明している選択肢は？,この関数は、新しい部屋を作成し、リストに追加するためのもので、既存の部屋とIDが重複していないことを確認する。,0,この関数は、新しい部屋を作成し、リストに追加するためのもので、既存の部屋とIDが重複していないことを確認する。,0.9999999403953552,0.9416057467460632,True
AddNewRoomScreen.json,関数の目的を最も正しく説明している選択肢は？,この関数は、新しい部屋を作成し、リストに追加するためのもので、既存の部屋とIDが重複していないことを確認する。,1,この関数は、新しい部屋を作成し、必ずリストに追加する。IDの重複は考慮しない。,0.9028071761131287,0.6437135338783264,False
AddNewRoomScreen.json,関数の目的を最も正しく説明している選択肢は？,この関数は、新しい部屋を作成し、リストに追加するためのもので、既存の部屋とIDが重複していないことを確認する。,2,この関数は、既存の部屋の情報を更新するために使用される。,0.7130258679389954,0.6191120147705078,False
AddNewRoomScreen.json,関数の目的を最も正しく説明している選択肢は？,この関数は、新しい部屋を作成し、リストに追加するためのもので、既存の部屋とIDが重複していないことを確認する。,3,この関数は、部屋のリストを表示するために使用される。,0.6947782039642334,0.5583698749542236,False
AddNewUser.json,関数の目的を最も正しく説明している選択肢は？,この関数は、新しいユーザーをユーザーリストの末尾に追加する。,0,この関数は、新しいユーザーをユーザーリストの先頭に追加する。,0.9167980551719666,0.8198999166488647,False
AddNewUser.json,関数の目的を最も正しく説明している選択肢は？,この関数は、新しいユーザーをユーザーリストの末尾に追加する。,1,この関数は、ユーザーリスト内のすべてのユーザーを削除してから新しいユーザーを追加する。,0.7975584268569946,0.6231487393379211,False
AddNewUser.json,関数の目的を最も正しく説明している選択肢は？,この関数は、新しいユーザーをユーザーリストの末尾に追加する。,2,この関数は、新しいユーザーをユーザーリストの末尾に追加する。,1.0000001192092896,0.9497724175453186,True
AddNewUser.json,関数の目的を最も正しく説明している選択肢は？,この関数は、新しいユーザーをユーザーリストの末尾に追加する。,3,この関数は、ユーザーリストが空の場合に限り、新しいユーザーを追加する。,0.842867374420166,0.6557671427726746,False
AddNewUserScreen.json,関数の目的を最も正しく説明している選択肢は？,この関数は、新しいユーザーを追加するための画面を表示し、ユーザーが既に存在しない場合にのみユーザーをリストに追加します。,0,この関数は、新しいユーザーを追加するための画面を表示し、ユーザーが既に存在しない場合にのみユーザーをリストに追加します。,1.0,0.9608743786811829,True
AddNewUserScreen.json,関数の目的を最も正しく説明している選択肢は？,この関数は、新しいユーザーを追加するための画面を表示し、ユーザーが既に存在しない場合にのみユーザーをリストに追加します。,1,この関数は、ユーザーリストから既存のユーザーを削除し、新しいユーザーを追加します。,0.7626544237136841,0.6430594325065613,False
AddNewUserScreen.json,関数の目的を最も正しく説明している選択肢は？,この関数は、新しいユーザーを追加するための画面を表示し、ユーザーが既に存在しない場合にのみユーザーをリストに追加します。,2,この関数は、ユーザーリストを初期化し、新しいユーザーを追加します。,0.8302609324455261,0.6009796857833862,False
AddNewUserScreen.json,関数の目的を最も正しく説明している選択肢は？,この関数は、新しいユーザーを追加するための画面を表示し、ユーザーが既に存在しない場合にのみユーザーをリストに追加します。,3,この関数は、ユーザーIDを基に既存のユーザー情報を更新します。,0.6825857758522034,0.5788953304290771,False
CheckRoomAvailabilityScreen.json,関数の目的を最も正しく説明している選択肢は？,この関数は、ユーザーに部屋の空き状況を名前またはIDで確認する方法を選ばせ、その選択に基づいて適切な検索画面を表示する。,0,この関数は、部屋のIDを入力することなく、すべての部屋の空き状況を一覧表示する。,0.7168593406677246,0.6217409372329712,False
CheckRoomAvailabilityScreen.json,関数の目的を最も正しく説明している選択肢は？,この関数は、ユーザーに部屋の空き状況を名前またはIDで確認する方法を選ばせ、その選択に基づいて適切な検索画面を表示する。,1,この関数は、部屋のリストを表示し、ユーザーに部屋を選ばせることで、その部屋の空き状況を確認する。,0.8271568417549133,0.6644872426986694,False
CheckRoomAvailabilityScreen.json,関数の目的を最も正しく説明している選択肢は？,この関数は、ユーザーに部屋の空き状況を名前またはIDで確認する方法を選ばせ、その選択に基づいて適切な検索画面を表示する。,2,この関数は、ユーザーに部屋の名前を入力させ、その名前に基づいて部屋の空き状況を表示する。,0.8056405782699585,0.7028813362121582,False
CheckRoomAvailabilityScreen.json,関数の目的を最も正しく説明している選択肢は？,この関数は、ユーザーに部屋の空き状況を名前またはIDで確認する方法を選ばせ、その選択に基づいて適切な検索画面を表示する。,3,この関数は、ユーザーに部屋の空き状況を名前またはIDで確認する方法を選ばせ、その選択に基づいて適切な検索画面を表示する。,1.0000001192092896,0.9473748803138733,True
DeleteReservationByID.json,関数の目的を最も正しく説明している選択肢は？,この関数は、指定された ID を持つ予約を予約リストから削除し、リストの先頭を返します。,0,この関数は、指定された ID を持つ予約を検索し、その予約の内容を更新します。,0.756187379360199,0.6406908631324768,False
DeleteReservationByID.json,関数の目的を最も正しく説明している選択肢は？,この関数は、指定された ID を持つ予約を予約リストから削除し、リストの先頭を返します。,1,この関数は、指定された ID を持つ予約を予約リストから削除し、リストの先頭を返します。,0.9999999403953552,0.9356796145439148,True
DeleteReservationByID.json,関数の目的を最も正しく説明している選択肢は？,この関数は、指定された ID を持つ予約を予約リストから削除し、リストの先頭を返します。,2,この関数は、予約リスト全体を逆順に並べ替えます。,0.672573447227478,0.5184471607208252,False
DeleteReservationByID.json,関数の目的を最も正しく説明している選択肢は？,この関数は、指定された ID を持つ予約を予約リストから削除し、リストの先頭を返します。,3,この関数は、指定された ID を持つ予約をリストの末尾に移動します。,0.8322622179985046,0.7032201886177063,False
DeleteReservationScreen.json,関数の目的を最も正しく説明している選択肢は？,この関数は、ユーザーが指定した予約IDに基づいて予約を検索し、見つかった場合はその予約を削除する機能を提供します。,0,この関数は、ユーザーが指定した予約IDに基づいて予約を検索し、見つかった場合はその予約を削除する機能を提供します。,1.0000001192092896,0.9818863272666931,True
DeleteReservationScreen.json,関数の目的を最も正しく説明している選択肢は？,この関数は、ユーザーが指定した予約IDに基づいて予約を検索し、見つかった場合はその予約を削除する機能を提供します。,1,この関数は、予約リストからすべての予約を削除し、部屋の予約状態をリセットします。,0.6728089451789856,0.6177864670753479,False
DeleteReservationScreen.json,関数の目的を最も正しく説明している選択肢は？,この関数は、ユーザーが指定した予約IDに基づいて予約を検索し、見つかった場合はその予約を削除する機能を提供します。,2,この関数は、予約IDを入力することで新しい予約を作成し、部屋の予約状態を更新します。,0.6557441353797913,0.6328544616699219,False
DeleteReservationScreen.json,関数の目的を最も正しく説明している選択肢は？,この関数は、ユーザーが指定した予約IDに基づいて予約を検索し、見つかった場合はその予約を削除する機能を提供します。,3,この関数は、ユーザーが入力したIDに基づいて部屋の情報を更新し、予約を追加します。,0.6179462671279907,0.655941903591156,False
DeleteRoomByID.json,関数の目的を最も正しく説明している選択肢は？,この関数は、リンクリストから指定されたIDの部屋を削除し、リストの先頭を返します。,0,この関数は、指定されたIDの部屋をリンクリストに追加し、リストの先頭を返します。,0.8234390616416931,0.7555730938911438,False
DeleteRoomByID.json,関数の目的を最も正しく説明している選択肢は？,この関数は、リンクリストから指定されたIDの部屋を削除し、リストの先頭を返します。,1,この関数は、リンクリストから指定されたIDの部屋を削除し、リストの先頭を返します。,1.0000001192092896,0.9440526366233826,True
DeleteRoomByID.json,関数の目的を最も正しく説明している選択肢は？,この関数は、リンクリストから指定されたIDの部屋を削除し、リストの先頭を返します。,2,この関数は、指定されたIDの部屋の情報を更新し、リンクリスト全体を返します。,0.7078701257705688,0.6853082776069641,False
DeleteRoomByID.json,関数の目的を最も正しく説明している選択肢は？,この関数は、リンクリストから指定されたIDの部屋を削除し、リストの先頭を返します。,3,この関数は、リンクリスト内のすべての部屋を削除し、空のリストを返します。,0.809209942817688,0.6359360814094543,False
DeleteRoomScreen.json,関数の目的を最も正しく説明している選択肢は？,この関数は、ユーザーに部屋のIDを入力させ、そのIDに対応する部屋を削除する機能を提供します。,0,この関数は、部屋のリストを表示し、ユーザーに削除する部屋を選ばせます。,0.8329917192459106,0.6620373129844666,False
DeleteRoomScreen.json,関数の目的を最も正しく説明している選択肢は？,この関数は、ユーザーに部屋のIDを入力させ、そのIDに対応する部屋を削除する機能を提供します。,1,この関数は、部屋のIDを入力すると、その部屋の予約状況を表示します。,0.727493166923523,0.6041706204414368,False
DeleteRoomScreen.json,関数の目的を最も正しく説明している選択肢は？,この関数は、ユーザーに部屋のIDを入力させ、そのIDに対応する部屋を削除する機能を提供します。,2,この関数は、ユーザーに部屋のIDを入力させ、そのIDに対応する部屋を削除する機能を提供します。,1.0,0.9354579448699951,True
DeleteRoomScreen.json,関数の目的を最も正しく説明している選択肢は？,この関数は、ユーザーに部屋のIDを入力させ、そのIDに対応する部屋を削除する機能を提供します。,3,この関数は、部屋のIDを入力すると、その部屋の詳細情報を編集する機能を提供します。,0.7767704129219055,0.6870962977409363,False
DeleteUserByID.json,関数の目的を最も正しく説明している選択肢は？,この関数は、指定された ID を持つユーザーをリンクリストから削除し、更新されたリストを返します。,0,この関数は、指定された ID を持つユーザーをリンクリストから探し、そのユーザーの次のユーザーを返します。,0.7774450778961182,0.5961513519287109,False
DeleteUserByID.json,関数の目的を最も正しく説明している選択肢は？,この関数は、指定された ID を持つユーザーをリンクリストから削除し、更新されたリストを返します。,1,この関数は、指定された ID を持つユーザーをリンクリストから削除し、更新されたリストを返します。,0.9999999403953552,0.9616524577140808,True
DeleteUserByID.json,関数の目的を最も正しく説明している選択肢は？,この関数は、指定された ID を持つユーザーをリンクリストから削除し、更新されたリストを返します。,2,この関数は、指定された ID を持つユーザーをリンクリストから探し、そのユーザーの前のユーザーを返します。,0.7870394587516785,0.6163301467895508,False
DeleteUserByID.json,関数の目的を最も正しく説明している選択肢は？,この関数は、指定された ID を持つユーザーをリンクリストから削除し、更新されたリストを返します。,3,この関数は、指定された ID を持つユーザーをリンクリストから削除し、そのユーザーのデータを返します。,0.9431194067001343,0.7403495907783508,False
DeleteUserScreen.json,関数の目的を最も正しく説明している選択肢は？,この関数は、ユーザーにIDを入力させ、そのIDに対応するユーザーをリストから削除する機能を提供します。,0,この関数は、ユーザーのIDを入力させ、そのIDに対応するユーザーの詳細を表示するだけです。,0.7759352922439575,0.6181866526603699,False
DeleteUserScreen.json,関数の目的を最も正しく説明している選択肢は？,この関数は、ユーザーにIDを入力させ、そのIDに対応するユーザーをリストから削除する機能を提供します。,1,この関数は、ユーザーリストを表示し、選択されたユーザーの詳細を更新する機能を提供します。,0.6726486682891846,0.6323109865188599,False
DeleteUserScreen.json,関数の目的を最も正しく説明している選択肢は？,この関数は、ユーザーにIDを入力させ、そのIDに対応するユーザーをリストから削除する機能を提供します。,2,この関数は、ユーザーにIDを入力させ、そのIDに対応するユーザーをリストから削除する機能を提供します。,1.0,0.9464905261993408,True
DeleteUserScreen.json,関数の目的を最も正しく説明している選択肢は？,この関数は、ユーザーにIDを入力させ、そのIDに対応するユーザーをリストから削除する機能を提供します。,3,この関数は、ユーザーに新しいユーザーを追加するための入力を求め、リストに追加します。,0.5860528945922852,0.5752005577087402,False
DisplayReservationCard.json,関数の目的を最も正しく説明している選択肢は？,この関数は、予約情報をフォーマットしてコンソールに表示するためのものである。,0,この関数は、予約情報をファイルに書き込むためのものである。,0.766533374786377,0.6983568072319031,False
DisplayReservationCard.json,関数の目的を最も正しく説明している選択肢は？,この関数は、予約情報をフォーマットしてコンソールに表示するためのものである。,1,この関数は、予約情報をネットワーク経由で送信するためのものである。,0.8138595819473267,0.6823627352714539,False
DisplayReservationCard.json,関数の目的を最も正しく説明している選択肢は？,この関数は、予約情報をフォーマットしてコンソールに表示するためのものである。,2,この関数は、予約情報をフォーマットしてコンソールに表示するためのものである。,1.0000001192092896,0.9420627951622009,True
DisplayReservationCard.json,関数の目的を最も正しく説明している選択肢は？,この関数は、予約情報をフォーマットしてコンソールに表示するためのものである。,3,この関数は、予約情報をデータベースに保存するためのものである。,0.7204287052154541,0.74849933385849,False
DisplayReservationsScreen.json,関数の目的を最も正しく説明している選択肢は？,この関数は予約リストを表示し、リストが空の場合はその旨を通知します。,0,この関数は予約リストをソートし、並び替えた結果を表示します。,0.8050699830055237,0.45617473125457764,False
DisplayReservationsScreen.json,関数の目的を最も正しく説明している選択肢は？,この関数は予約リストを表示し、リストが空の場合はその旨を通知します。,1,この関数は予約リストを編集し、ユーザーに変更を保存するよう促します。,0.6463872194290161,0.573922872543335,False
DisplayReservationsScreen.json,関数の目的を最も正しく説明している選択肢は？,この関数は予約リストを表示し、リストが空の場合はその旨を通知します。,2,この関数は予約リストを削除し、ユーザーに確認を求めます。,0.7060584425926208,0.5946242809295654,False
DisplayReservationsScreen.json,関数の目的を最も正しく説明している選択肢は？,この関数は予約リストを表示し、リストが空の場合はその旨を通知します。,3,この関数は予約リストを表示し、リストが空の場合はその旨を通知します。,1.0,0.9484212398529053,True
DisplayRoomCard.json,関数の目的を最も正しく説明している選択肢は？,関数は、部屋の情報を表示し、予約されている場合は予約の詳細も表示します。,0,関数は、部屋の情報を更新し、更新後の情報を表示します。,0.702609658241272,0.6506827473640442,False
DisplayRoomCard.json,関数の目的を最も正しく説明している選択肢は？,関数は、部屋の情報を表示し、予約されている場合は予約の詳細も表示します。,1,関数は、部屋の情報を表示し、予約されている場合は予約の詳細も表示します。,0.9999998807907104,0.9626116752624512,True
DisplayRoomCard.json,関数の目的を最も正しく説明している選択肢は？,関数は、部屋の情報を表示し、予約されている場合は予約の詳細も表示します。,2,関数は、部屋の予約をキャンセルし、キャンセルの成功を表示します。,0.552643358707428,0.6134822368621826,False
DisplayRoomCard.json,関数の目的を最も正しく説明している選択肢は？,関数は、部屋の情報を表示し、予約されている場合は予約の詳細も表示します。,3,関数は、部屋の予約を行い、予約が成功したかどうかを表示します。,0.8554990291595459,0.6479178071022034,False
DisplayRoomListScreen.json,関数の目的を最も正しく説明している選択肢は？,この関数は、リンクリスト形式で保存された部屋のリストを表示し、各部屋の詳細を個別に表示します。,0,この関数は、部屋のリストをソートしてから表示します。,0.830135703086853,0.5471478700637817,False
DisplayRoomListScreen.json,関数の目的を最も正しく説明している選択肢は？,この関数は、リンクリスト形式で保存された部屋のリストを表示し、各部屋の詳細を個別に表示します。,1,この関数は、部屋のリストを表示し、ユーザーが部屋を選択できるようにします。,0.7943218350410461,0.6348323225975037,False
DisplayRoomListScreen.json,関数の目的を最も正しく説明している選択肢は？,この関数は、リンクリスト形式で保存された部屋のリストを表示し、各部屋の詳細を個別に表示します。,2,この関数は、リンクリスト形式で保存された部屋のリストを表示し、各部屋の詳細を個別に表示します。,1.0000001192092896,0.9270230531692505,True
DisplayRoomListScreen.json,関数の目的を最も正しく説明している選択肢は？,この関数は、リンクリスト形式で保存された部屋のリストを表示し、各部屋の詳細を個別に表示します。,3,この関数は、部屋のリストが空であるかどうかをチェックし、空であればエラーメッセージを表示します。,0.5381887555122375,0.5662543773651123,False
DisplayUserCard.json,関数の目的を最も正しく説明している選択肢は？,この関数は、ユーザーのID、名前、姓をフォーマットされたカード形式でコンソールに表示する。,0,この関数は、ユーザーのID、名前、姓をフォーマットされたカード形式でコンソールに表示する。,1.0,0.9611300826072693,True
DisplayUserCard.json,関数の目的を最も正しく説明している選択肢は？,この関数は、ユーザーのID、名前、姓をフォーマットされたカード形式でコンソールに表示する。,1,この関数は、ユーザーの情報をファイルに保存する。,0.4585215747356415,0.5090778470039368,False
DisplayUserCard.json,関数の目的を最も正しく説明している選択肢は？,この関数は、ユーザーのID、名前、姓をフォーマットされたカード形式でコンソールに表示する。,2,この関数は、ユーザーの情報をネットワークを通じて送信する。,0.5001842379570007,0.5354710221290588,False
DisplayUserCard.json,関数の目的を最も正しく説明している選択肢は？,この関数は、ユーザーのID、名前、姓をフォーマットされたカード形式でコンソールに表示する。,3,この関数は、ユーザーの情報をデータベースに挿入する。,0.4819270074367523,0.5055056214332581,False
DisplayUserListScreen.json,関数の目的を最も正しく説明している選択肢は？,この関数は、ユーザーリストが空でない場合、各ユーザーの情報を順番に表示する。,0,この関数は、ユーザーリストが空の場合、ユーザー情報を表示する。,0.9530661106109619,0.7201949954032898,False
DisplayUserListScreen.json,関数の目的を最も正しく説明している選択肢は？,この関数は、ユーザーリストが空でない場合、各ユーザーの情報を順番に表示する。,1,この関数は、ユーザーリストの最初のユーザーのみを表示する。,0.7331749796867371,0.6358357667922974,False
DisplayUserListScreen.json,関数の目的を最も正しく説明している選択肢は？,この関数は、ユーザーリストが空でない場合、各ユーザーの情報を順番に表示する。,2,この関数は、ユーザーリストが空でない場合、各ユーザーの情報を順番に表示する。,1.0000001192092896,0.9473884105682373,True
DisplayUserListScreen.json,関数の目的を最も正しく説明している選択肢は？,この関数は、ユーザーリストが空でない場合、各ユーザーの情報を順番に表示する。,3,この関数は、ユーザーリストを逆順に表示する。,0.7528014779090881,0.6295198202133179,False
ExitScreen.json,関数の目的を最も正しく説明している選択肢は？,この関数は、コンソール画面をクリアし、プロジェクトの終了画面を表示する。,0,この関数は、プログラムを終了し、終了メッセージを表示する。,0.6934215426445007,0.5971130132675171,False
ExitScreen.json,関数の目的を最も正しく説明している選択肢は？,この関数は、コンソール画面をクリアし、プロジェクトの終了画面を表示する。,1,この関数は、コンソール画面をクリアし、プロジェクトの終了画面を表示する。,1.000000238418579,0.9328121542930603,True
ExitScreen.json,関数の目的を最も正しく説明している選択肢は？,この関数は、コンソール画面をクリアし、プロジェクトの終了画面を表示する。,2,この関数は、ユーザーからの入力を待ち、入力内容を表示する。,0.4040420949459076,0.500016450881958,False
ExitScreen.json,関数の目的を最も正しく説明している選択肢は？,この関数は、コンソール画面をクリアし、プロジェクトの終了画面を表示する。,3,この関数は、エラーメッセージを表示し、プログラムを再起動する。,0.4345000088214874,0.5253782868385315,False
IsDate1BeforeDate2.json,関数の目的を最も正しく説明している選択肢は？,この関数は、2つの日付を比較し、Date1がDate2より前の日付であるかどうかを判定します。,0,この関数は、2つの日付を比較し、Date1がDate2より前の日付であるかどうかを判定します。,0.9999999403953552,0.9496293067932129,True
IsDate1BeforeDate2.json,関数の目的を最も正しく説明している選択肢は？,この関数は、2つの日付を比較し、Date1がDate2より前の日付であるかどうかを判定します。,1,この関数は、2つの日付を比較し、Date1がDate2と同じ日付であるかどうかを判定します。,0.9739516377449036,0.8372455835342407,False
IsDate1BeforeDate2.json,関数の目的を最も正しく説明している選択肢は？,この関数は、2つの日付を比較し、Date1がDate2より前の日付であるかどうかを判定します。,2,この関数は、2つの日付を比較し、Date1がDate2より後の日付であるかどうかを判定します。,0.9963272213935852,0.8456912636756897,False
IsDate1BeforeDate2.json,関数の目的を最も正しく説明している選択肢は？,この関数は、2つの日付を比較し、Date1がDate2より前の日付であるかどうかを判定します。,3,この関数は、2つの日付を比較し、Date1とDate2の年が同じであるかどうかを判定します。,0.9553667306900024,0.7016212344169617,False
IsTime1BeforeTime2.json,関数の目的を最も正しく説明している選択肢は？,この関数は、Time1 が Time2 よりも前の時間であるかを判定する。時間と分を比較している。,0,この関数は、Time1 が Time2 よりも後の時間であるかを判定する。,0.9699708223342896,0.6214216947555542,False
IsTime1BeforeTime2.json,関数の目的を最も正しく説明している選択肢は？,この関数は、Time1 が Time2 よりも前の時間であるかを判定する。時間と分を比較している。,1,この関数は、Time1 が Time2 よりも前の時間であるかを判定する。時間と分を比較している。,1.0,0.9229697585105896,True
IsTime1BeforeTime2.json,関数の目的を最も正しく説明している選択肢は？,この関数は、Time1 が Time2 よりも前の時間であるかを判定する。時間と分を比較している。,2,この関数は、Time1 と Time2 が同じ時間かどうかを判定する。,0.9082257747650146,0.5213070511817932,False
IsTime1BeforeTime2.json,関数の目的を最も正しく説明している選択肢は？,この関数は、Time1 が Time2 よりも前の時間であるかを判定する。時間と分を比較している。,3,この関数は、Time1 と Time2 の時間差を計算する。,0.9135485291481018,0.5559529662132263,False
main.json,関数の目的を最も正しく説明している選択肢は？,main関数はプログラムのエントリーポイントであり、MainMenu関数を呼び出してプログラムを終了する。,0,main関数はMainMenu関数の中で定義されており、プログラムの開始時に呼び出される。,0.8174561262130737,0.7180238366127014,False
main.json,関数の目的を最も正しく説明している選択肢は？,main関数はプログラムのエントリーポイントであり、MainMenu関数を呼び出してプログラムを終了する。,1,main関数はプログラムのエントリーポイントであり、MainMenu関数を呼び出してプログラムを終了する。,0.9999998807907104,0.9393749833106995,True
main.json,関数の目的を最も正しく説明している選択肢は？,main関数はプログラムのエントリーポイントであり、MainMenu関数を呼び出してプログラムを終了する。,2,main関数はMainMenu関数を呼び出し、その戻り値を返す。,0.6483124494552612,0.542577862739563,False
main.json,関数の目的を最も正しく説明している選択肢は？,main関数はプログラムのエントリーポイントであり、MainMenu関数を呼び出してプログラムを終了する。,3,main関数はMainMenu関数を定義し、その後に呼び出してプログラムを終了する。,0.9315878748893738,0.7258651256561279,False
MainMenu.json,関数の目的を最も正しく説明している選択肢は？,この関数は、ユーザー、部屋、予約の管理メニューを提供し、ユーザーの選択に応じて適切なサブメニューを呼び出すメインメニューを表示します。,0,この関数は、ユーザー、部屋、予約の情報を初期化し、それを永続的に保存するためのメニューを提供します。,0.7414525747299194,0.61667400598526,False
MainMenu.json,関数の目的を最も正しく説明している選択肢は？,この関数は、ユーザー、部屋、予約の管理メニューを提供し、ユーザーの選択に応じて適切なサブメニューを呼び出すメインメニューを表示します。,1,この関数は、ユーザー、部屋、予約の管理メニューを提供し、ユーザーの選択に応じて適切なサブメニューを呼び出すメインメニューを表示します。,1.0,0.966224193572998,True
MainMenu.json,関数の目的を最も正しく説明している選択肢は？,この関数は、ユーザー、部屋、予約の管理メニューを提供し、ユーザーの選択に応じて適切なサブメニューを呼び出すメインメニューを表示します。,2,この関数は、ユーザーが選択したオプションに基づいて、プログラムを終了するためのメニューを提供します。,0.7086319327354431,0.5474056601524353,False
MainMenu.json,関数の目的を最も正しく説明している選択肢は？,この関数は、ユーザー、部屋、予約の管理メニューを提供し、ユーザーの選択に応じて適切なサブメニューを呼び出すメインメニューを表示します。,3,この関数は、ユーザーの選択に基づいて新しいユーザー、部屋、予約を自動的に作成します。,0.686088502407074,0.6181002259254456,False
PauseProgram.json,関数の目的を最も正しく説明している選択肢は？,関数はユーザーがEnterキーを押すまでプログラムを一時停止し、Enterキーが押された後にメインメニューに戻ることを意図している。,0,関数はユーザーがEnterキーを押すとプログラムの実行を再開し、入力された文字を画面に表示する。,0.803779125213623,0.6126477718353271,False
PauseProgram.json,関数の目的を最も正しく説明している選択肢は？,関数はユーザーがEnterキーを押すまでプログラムを一時停止し、Enterキーが押された後にメインメニューに戻ることを意図している。,1,関数はユーザーがEnterキーを押すまでプログラムを一時停止し、Enterキーが押された後にメインメニューに戻ることを意図している。,1.0,0.9809077382087708,True
PauseProgram.json,関数の目的を最も正しく説明している選択肢は？,関数はユーザーがEnterキーを押すまでプログラムを一時停止し、Enterキーが押された後にメインメニューに戻ることを意図している。,2,関数はユーザーから文字列入力を受け取り、その入力をメインメニューに渡す。,0.5454397201538086,0.5637600421905518,False
PauseProgram.json,関数の目的を最も正しく説明している選択肢は？,関数はユーザーがEnterキーを押すまでプログラムを一時停止し、Enterキーが押された後にメインメニューに戻ることを意図している。,3,関数はユーザーが任意のキーを押すまでプログラムを一時停止し、その後にプログラムを終了する。,0.7706921100616455,0.6740676164627075,False
ReadDate.json,関数の目的を最も正しく説明している選択肢は？,ユーザーから日付を入力として受け取り、stDate 構造体に格納して返す。,0,日付を自動生成し、stDate 構造体に格納して返す。,0.8931100368499756,0.7064844965934753,False
ReadDate.json,関数の目的を最も正しく説明している選択肢は？,ユーザーから日付を入力として受け取り、stDate 構造体に格納して返す。,1,ユーザーから日付を入力として受け取り、stDate 構造体に格納して返す。,1.0,0.9651649594306946,True
ReadDate.json,関数の目的を最も正しく説明している選択肢は？,ユーザーから日付を入力として受け取り、stDate 構造体に格納して返す。,2,ユーザーから日付を入力として受け取り、日付の妥当性をチェックして返す。,0.8294249773025513,0.5423903465270996,False
ReadDate.json,関数の目的を最も正しく説明している選択肢は？,ユーザーから日付を入力として受け取り、stDate 構造体に格納して返す。,3,ユーザーに日付を表示し、stDate 構造体を初期化して返す。,0.9363057613372803,0.6404869556427002,False
ReadIntBetween.json,関数の目的を最も正しく説明している選択肢は？,この関数は、ユーザーから整数を読み取り、その整数が指定された範囲内にあるかどうかを確認し、範囲外の場合は再入力を求める。,0,この関数は、ユーザーが入力した整数をそのまま返すだけで、範囲チェックは行わない。,0.7383874654769897,0.6517818570137024,False
ReadIntBetween.json,関数の目的を最も正しく説明している選択肢は？,この関数は、ユーザーから整数を読み取り、その整数が指定された範囲内にあるかどうかを確認し、範囲外の場合は再入力を求める。,1,この関数は、ユーザーから整数を読み取り、その整数が指定された範囲内にあるかどうかを確認し、範囲外の場合は再入力を求める。,0.9999999403953552,0.9675565361976624,True
ReadIntBetween.json,関数の目的を最も正しく説明している選択肢は？,この関数は、ユーザーから整数を読み取り、その整数が指定された範囲内にあるかどうかを確認し、範囲外の場合は再入力を求める。,2,この関数は、指定された範囲内の整数をランダムに生成して返す。,0.47237521409988403,0.5603132247924805,False
ReadIntBetween.json,関数の目的を最も正しく説明している選択肢は？,この関数は、ユーザーから整数を読み取り、その整数が指定された範囲内にあるかどうかを確認し、範囲外の場合は再入力を求める。,3,この関数は、ユーザーから浮動小数点数を読み取り、指定された範囲内にあるかどうかを確認する。,0.890932023525238,0.6238561868667603,False
ReadReservationInfo.json,関数の目的を最も正しく説明している選択肢は？,関数はユーザーが入力した予約情報を検証し、重複や不正なデータがないか確認します。,0,関数はユーザーが入力した予約情報を検証し、重複や不正なデータがないか確認します。,0.9999999403953552,1.0037654638290405,True
ReadReservationInfo.json,関数の目的を最も正しく説明している選択肢は？,関数はユーザーが入力した予約情報を検証し、重複や不正なデータがないか確認します。,1,関数は予約情報を削除するためのものです。,0.4515696167945862,0.5817482471466064,False
ReadReservationInfo.json,関数の目的を最も正しく説明している選択肢は？,関数はユーザーが入力した予約情報を検証し、重複や不正なデータがないか確認します。,2,関数はユーザー、部屋、予約の情報をすべて表示するためのものです。,0.6255943775177002,0.624703049659729,False
ReadReservationInfo.json,関数の目的を最も正しく説明している選択肢は？,関数はユーザーが入力した予約情報を検証し、重複や不正なデータがないか確認します。,3,関数は新しい予約情報を入力し、既存の予約リストに追加するためのものです。,0.5158475041389465,0.6097004413604736,False
ReadReservationPeriod.json,関数の目的を最も正しく説明している選択肢は？,この関数は、予約情報と部屋情報の両方にユーザーから入力された予約日時を設定し、部屋を予約済みとしてマークします。,0,この関数は、予約情報をクリアし、部屋の予約をキャンセルします。,0.5677716732025146,0.5950721502304077,False
ReadReservationPeriod.json,関数の目的を最も正しく説明している選択肢は？,この関数は、予約情報と部屋情報の両方にユーザーから入力された予約日時を設定し、部屋を予約済みとしてマークします。,1,この関数は、予約情報と部屋情報の両方にユーザーから入力された予約日時を設定し、部屋を予約済みとしてマークします。,1.0,0.966548502445221,True
ReadReservationPeriod.json,関数の目的を最も正しく説明している選択肢は？,この関数は、予約情報と部屋情報の両方にユーザーから入力された予約日時を設定し、部屋を予約済みとしてマークします。,2,この関数は、ユーザーから部屋の予約状況を確認し、予約が可能かどうかを判断します。,0.8106224536895752,0.6701138615608215,False
ReadReservationPeriod.json,関数の目的を最も正しく説明している選択肢は？,この関数は、予約情報と部屋情報の両方にユーザーから入力された予約日時を設定し、部屋を予約済みとしてマークします。,3,この関数は、ユーザーから予約の開始時間と終了時間を入力させ、予約情報にのみ設定します。,0.7657206058502197,0.6491907835006714,False
ReadRoomInfo.json,関数の目的を最も正しく説明している選択肢は？,この関数は、ユーザーから部屋の情報を入力させ、その情報をRoomInfo構造体に格納します。,0,この関数は、部屋の情報をファイルから読み込み、RoomInfo構造体に格納します。,0.8970350027084351,0.729821503162384,False
ReadRoomInfo.json,関数の目的を最も正しく説明している選択肢は？,この関数は、ユーザーから部屋の情報を入力させ、その情報をRoomInfo構造体に格納します。,1,この関数は、ユーザーから部屋の情報を入力させ、その情報をRoomInfo構造体に格納します。,0.9999998807907104,0.9537279009819031,True
ReadRoomInfo.json,関数の目的を最も正しく説明している選択肢は？,この関数は、ユーザーから部屋の情報を入力させ、その情報をRoomInfo構造体に格納します。,2,この関数は、部屋の情報をデータベースから取得し、RoomInfo構造体に格納します。,0.9004769921302795,0.7647063136100769,False
ReadRoomInfo.json,関数の目的を最も正しく説明している選択肢は？,この関数は、ユーザーから部屋の情報を入力させ、その情報をRoomInfo構造体に格納します。,3,この関数は、部屋の情報をネットワーク経由で受信し、RoomInfo構造体に格納します。,0.8861844539642334,0.7215838432312012,False
ReadTime.json,関数の目的を最も正しく説明している選択肢は？,この関数はユーザーにメッセージを表示し、時間と分を入力させて構造体に格納する。,0,この関数はユーザーから日付を入力させ、それを構造体に格納する。,0.7698790431022644,0.6106422543525696,False
ReadTime.json,関数の目的を最も正しく説明している選択肢は？,この関数はユーザーにメッセージを表示し、時間と分を入力させて構造体に格納する。,1,この関数は現在のシステム時間を取得し、構造体に格納する。,0.6686842441558838,0.5996255278587341,False
ReadTime.json,関数の目的を最も正しく説明している選択肢は？,この関数はユーザーにメッセージを表示し、時間と分を入力させて構造体に格納する。,2,この関数はユーザーにメッセージを表示し、時間と分を入力させてそれを画面に表示する。,0.9059507846832275,0.7127560973167419,False
ReadTime.json,関数の目的を最も正しく説明している選択肢は？,この関数はユーザーにメッセージを表示し、時間と分を入力させて構造体に格納する。,3,この関数はユーザーにメッセージを表示し、時間と分を入力させて構造体に格納する。,0.9999999403953552,0.9644116759300232,True
ReadUserInfo.json,関数の目的を最も正しく説明している選択肢は？,ReadUserInfo 関数は、ユーザーから ID、名前、苗字を入力として受け取り、UserInfo 構造体に格納する。,0,ReadUserInfo 関数は、ユーザー情報をデータベースから取得し、UserInfo 構造体に格納する。,0.9192523956298828,0.7075545191764832,False
ReadUserInfo.json,関数の目的を最も正しく説明している選択肢は？,ReadUserInfo 関数は、ユーザーから ID、名前、苗字を入力として受け取り、UserInfo 構造体に格納する。,1,ReadUserInfo 関数は、ユーザー情報をファイルから読み取り、UserInfo 構造体に格納する。,0.9222179055213928,0.6882471442222595,False
ReadUserInfo.json,関数の目的を最も正しく説明している選択肢は？,ReadUserInfo 関数は、ユーザーから ID、名前、苗字を入力として受け取り、UserInfo 構造体に格納する。,2,ReadUserInfo 関数は、ユーザーから ID、名前、苗字を入力として受け取り、UserInfo 構造体に格納する。,0.9999998807907104,0.9775751233100891,True
ReadUserInfo.json,関数の目的を最も正しく説明している選択肢は？,ReadUserInfo 関数は、ユーザーから ID、名前、苗字を入力として受け取り、UserInfo 構造体に格納する。,3,ReadUserInfo 関数は、ユーザー情報をネットワーク経由で取得し、UserInfo 構造体に格納する。,0.90328049659729,0.6908811926841736,False
ReservationManagementMenu.json,関数の目的を最も正しく説明している選択肢は？,ReservationManagementMenu 関数は、予約の追加、削除、表示、日付によるソートを行うためのメニューを表示し、ユーザーの選択に応じて適切な画面を呼び出す。,0,ReservationManagementMenu 関数は、ユーザーリストを管理し、ユーザー情報を更新するためのメニューを表示する。,0.8921247720718384,0.5730524063110352,False
ReservationManagementMenu.json,関数の目的を最も正しく説明している選択肢は？,ReservationManagementMenu 関数は、予約の追加、削除、表示、日付によるソートを行うためのメニューを表示し、ユーザーの選択に応じて適切な画面を呼び出す。,1,ReservationManagementMenu 関数は、予約の追加、削除、表示、日付によるソートを行うためのメニューを表示し、ユーザーの選択に応じて適切な画面を呼び出す。,1.0,0.9845223426818848,True
ReservationManagementMenu.json,関数の目的を最も正しく説明している選択肢は？,ReservationManagementMenu 関数は、予約の追加、削除、表示、日付によるソートを行うためのメニューを表示し、ユーザーの選択に応じて適切な画面を呼び出す。,2,ReservationManagementMenu 関数は、予約リストを自動的に更新し、すべての予約を日付順にソートする。,0.7931784987449646,0.5966712832450867,False
ReservationManagementMenu.json,関数の目的を最も正しく説明している選択肢は？,ReservationManagementMenu 関数は、予約の追加、削除、表示、日付によるソートを行うためのメニューを表示し、ユーザーの選択に応じて適切な画面を呼び出す。,3,ReservationManagementMenu 関数は、部屋のリストを管理し、新しい部屋を追加するためのメニューを表示する。,0.8213129639625549,0.6081112027168274,False
RoomManagementMenu.json,関数の目的を最も正しく説明している選択肢は？,RoomManagementMenu 関数は、ユーザーが部屋の追加、検索、表示、削除、利用可能性の確認を行うためのメニューを提供する。,0,RoomManagementMenu 関数は、部屋のリストを自動的に生成し、ユーザーがそれを編集するためのインターフェースを提供する。,0.8244627714157104,0.6422012448310852,False
RoomManagementMenu.json,関数の目的を最も正しく説明している選択肢は？,RoomManagementMenu 関数は、ユーザーが部屋の追加、検索、表示、削除、利用可能性の確認を行うためのメニューを提供する。,1,RoomManagementMenu 関数は、ユーザーが部屋の追加、検索、表示、削除、利用可能性の確認を行うためのメニューを提供する。,1.0,1.0091502666473389,True
RoomManagementMenu.json,関数の目的を最も正しく説明している選択肢は？,RoomManagementMenu 関数は、ユーザーが部屋の追加、検索、表示、削除、利用可能性の確認を行うためのメニューを提供する。,2,RoomManagementMenu 関数は、部屋のリストを表示するだけの機能を持ち、他の操作はサポートしていない。,0.8037005066871643,0.587905764579773,False
RoomManagementMenu.json,関数の目的を最も正しく説明している選択肢は？,RoomManagementMenu 関数は、ユーザーが部屋の追加、検索、表示、削除、利用可能性の確認を行うためのメニューを提供する。,3,RoomManagementMenu 関数は、ユーザーが部屋の予約を管理するためのメニューを提供し、予約の追加やキャンセルを行うことができる。,0.8701702952384949,0.7057345509529114,False
ScreenHeader.json,関数の目的を最も正しく説明している選択肢は？,この関数は、指定されたタイトルをアスタリスクで囲んでコンソールに表示し、画面をクリアする。,0,この関数は、指定されたタイトルをアスタリスクで囲んでコンソールに表示し、画面をクリアする。,1.0000001192092896,0.9611708521842957,True
ScreenHeader.json,関数の目的を最も正しく説明している選択肢は？,この関数は、指定されたタイトルをアスタリスクで囲んでコンソールに表示し、画面をクリアする。,1,この関数は、指定されたタイトルをアスタリスクで囲んでコンソールに表示するが、画面をクリアしない。,0.9107001423835754,0.7941140532493591,False
ScreenHeader.json,関数の目的を最も正しく説明している選択肢は？,この関数は、指定されたタイトルをアスタリスクで囲んでコンソールに表示し、画面をクリアする。,2,この関数は、指定されたタイトルを大文字に変換してからコンソールに表示し、画面をクリアする。,0.8815985321998596,0.7280390858650208,False
ScreenHeader.json,関数の目的を最も正しく説明している選択肢は？,この関数は、指定されたタイトルをアスタリスクで囲んでコンソールに表示し、画面をクリアする。,3,この関数は、指定されたタイトルをコンソール画面の中央に表示し、画面をクリアする。,0.8898589611053467,0.7448945641517639,False
SearchReservationByID.json,関数の目的を最も正しく説明している選択肢は？,この関数は、予約リストの中から指定されたIDを持つ予約を検索し、見つかった場合はその予約へのポインタを返す。,0,この関数は、予約リストの中から指定されたIDを持つ予約を検索し、見つかった場合はその予約へのポインタを返す。,1.0000001192092896,0.97931969165802,True
SearchReservationByID.json,関数の目的を最も正しく説明している選択肢は？,この関数は、予約リストの中から指定されたIDを持つ予約を検索し、見つかった場合はその予約へのポインタを返す。,1,この関数は、予約リストの中から指定されたIDを持つ予約を削除する。,0.7378131151199341,0.6676265597343445,False
SearchReservationByID.json,関数の目的を最も正しく説明している選択肢は？,この関数は、予約リストの中から指定されたIDを持つ予約を検索し、見つかった場合はその予約へのポインタを返す。,2,この関数は、予約リストの中から指定されたIDを持つ予約のIDを更新する。,0.803571343421936,0.6491355895996094,False
SearchReservationByID.json,関数の目的を最も正しく説明している選択肢は？,この関数は、予約リストの中から指定されたIDを持つ予約を検索し、見つかった場合はその予約へのポインタを返す。,3,この関数は、予約リストを逆順に並べ替え、指定されたIDを持つ予約を返す。,0.791102945804596,0.6185946464538574,False
SearchRoomByID.json,関数の目的を最も正しく説明している選択肢は？,この関数は、リンクリスト内の部屋のIDを検索し、該当する部屋が見つかった場合、その部屋のポインタを返す。,0,この関数は、部屋のIDを検索し、見つかった場合はその部屋をリストから削除する。,0.7915892004966736,0.6489675045013428,False
SearchRoomByID.json,関数の目的を最も正しく説明している選択肢は？,この関数は、リンクリスト内の部屋のIDを検索し、該当する部屋が見つかった場合、その部屋のポインタを返す。,1,この関数は、部屋のIDを検索し、見つからない場合は新しい部屋をリストに追加する。,0.8065195083618164,0.6175144910812378,False
SearchRoomByID.json,関数の目的を最も正しく説明している選択肢は？,この関数は、リンクリスト内の部屋のIDを検索し、該当する部屋が見つかった場合、その部屋のポインタを返す。,2,この関数は、部屋のIDを検索し、見つかった場合はその部屋のIDを更新する。,0.8382052183151245,0.6765117645263672,False
SearchRoomByID.json,関数の目的を最も正しく説明している選択肢は？,この関数は、リンクリスト内の部屋のIDを検索し、該当する部屋が見つかった場合、その部屋のポインタを返す。,3,この関数は、リンクリスト内の部屋のIDを検索し、該当する部屋が見つかった場合、その部屋のポインタを返す。,1.0000001192092896,0.9615871906280518,True
SearchRoomByIDScreen.json,関数の目的を最も正しく説明している選択肢は？,この関数は、ユーザーに部屋のIDを入力させ、そのIDに対応する部屋がリストに存在するかを確認し、存在すればその部屋の詳細を表示する。,0,この関数は、ユーザーに部屋のIDを入力させ、そのIDに対応する部屋がリストに存在するかを確認し、存在すればその部屋の詳細を表示する。,0.9999998807907104,0.9386712908744812,True
SearchRoomByIDScreen.json,関数の目的を最も正しく説明している選択肢は？,この関数は、ユーザーに部屋のIDを入力させ、そのIDに対応する部屋がリストに存在するかを確認し、存在すればその部屋の詳細を表示する。,1,この関数は、ユーザーに部屋のIDを入力させ、そのIDを持つ部屋をリストから削除する。,0.8147921562194824,0.6862956285476685,False
SearchRoomByIDScreen.json,関数の目的を最も正しく説明している選択肢は？,この関数は、ユーザーに部屋のIDを入力させ、そのIDに対応する部屋がリストに存在するかを確認し、存在すればその部屋の詳細を表示する。,2,この関数は、ユーザーに部屋のIDを入力させ、そのIDに対応する部屋の予約状況を更新する。,0.8397657871246338,0.7077677845954895,False
SearchRoomByIDScreen.json,関数の目的を最も正しく説明している選択肢は？,この関数は、ユーザーに部屋のIDを入力させ、そのIDに対応する部屋がリストに存在するかを確認し、存在すればその部屋の詳細を表示する。,3,この関数は、ユーザーに部屋のIDを入力させ、そのIDに対応する部屋をリストに追加する。,0.9198368787765503,0.7281184792518616,False
SearchRoomByName.json,関数の目的を最も正しく説明している選択肢は？,この関数は、指定された名前を持つ部屋がリストに存在するかどうかを確認し、見つかった場合はその部屋の情報を表示する。,0,この関数は、リスト内のすべての部屋の名前を表示し、指定された名前の部屋が存在するかどうかを示すフラグを設定する。,0.855398952960968,0.6324099898338318,False
SearchRoomByName.json,関数の目的を最も正しく説明している選択肢は？,この関数は、指定された名前を持つ部屋がリストに存在するかどうかを確認し、見つかった場合はその部屋の情報を表示する。,1,この関数は、指定された名前を持つ部屋をリストから削除し、削除が成功したかどうかを示すフラグを設定する。,0.6533074975013733,0.6276742219924927,False
SearchRoomByName.json,関数の目的を最も正しく説明している選択肢は？,この関数は、指定された名前を持つ部屋がリストに存在するかどうかを確認し、見つかった場合はその部屋の情報を表示する。,2,この関数は、指定された名前を持つ部屋がリストに存在するかどうかを確認し、見つかった場合はその部屋の情報を表示する。,1.0,0.9447776079177856,True
SearchRoomByName.json,関数の目的を最も正しく説明している選択肢は？,この関数は、指定された名前を持つ部屋がリストに存在するかどうかを確認し、見つかった場合はその部屋の情報を表示する。,3,この関数は、リスト内のすべての部屋の名前を指定された名前に変更し、見つかった部屋の数を返す。,0.7303773164749146,0.6185852289199829,False
SearchRoomByNameScreen.json,関数の目的を最も正しく説明している選択肢は？,関数はユーザーに部屋の名前を入力させ、その名前に一致する部屋がリストに存在するかどうかを確認し、存在しない場合はメッセージを表示する。,0,関数はユーザーに部屋の名前を入力させ、部屋が存在する場合にその部屋を削除する。,0.8037548065185547,0.6349109411239624,False
SearchRoomByNameScreen.json,関数の目的を最も正しく説明している選択肢は？,関数はユーザーに部屋の名前を入力させ、その名前に一致する部屋がリストに存在するかどうかを確認し、存在しない場合はメッセージを表示する。,1,関数はユーザーに部屋の名前を入力させ、その名前に一致する部屋がリストに存在するかどうかを確認し、存在しない場合はメッセージを表示する。,0.9999999403953552,0.9654032588005066,True
SearchRoomByNameScreen.json,関数の目的を最も正しく説明している選択肢は？,関数はユーザーに部屋の名前を入力させ、その名前に一致する部屋がリストに存在するかどうかを確認し、存在しない場合はメッセージを表示する。,2,関数は部屋のリストを表示し、ユーザーに部屋を選択させる。,0.8088482618331909,0.6197524070739746,False
SearchRoomByNameScreen.json,関数の目的を最も正しく説明している選択肢は？,関数はユーザーに部屋の名前を入力させ、その名前に一致する部屋がリストに存在するかどうかを確認し、存在しない場合はメッセージを表示する。,3,関数はユーザーに部屋の名前を入力させ、その名前に一致する部屋の詳細を表示する。,0.865376353263855,0.7217187881469727,False
SearchUserByFirstName.json,関数の目的を最も正しく説明している選択肢は？,この関数は、ユーザーリストを走査し、指定された名前と一致するすべてのユーザーを見つけて、それらのユーザーの情報を表示する。,0,この関数は、ユーザーリストを走査し、指定された名前と一致する最初のユーザーを見つけて、そのユーザーの情報を表示する。,0.9197361469268799,0.7890642285346985,False
SearchUserByFirstName.json,関数の目的を最も正しく説明している選択肢は？,この関数は、ユーザーリストを走査し、指定された名前と一致するすべてのユーザーを見つけて、それらのユーザーの情報を表示する。,1,この関数は、ユーザーリストを逆順に走査し、指定された名前と一致するユーザーを見つけて、そのユーザーの情報を表示する。,0.917346715927124,0.7907516956329346,False
SearchUserByFirstName.json,関数の目的を最も正しく説明している選択肢は？,この関数は、ユーザーリストを走査し、指定された名前と一致するすべてのユーザーを見つけて、それらのユーザーの情報を表示する。,2,この関数は、ユーザーリストを走査し、指定された名前と一致するすべてのユーザーを見つけて、それらのユーザーの情報を表示する。,1.0,0.9788393974304199,True
SearchUserByFirstName.json,関数の目的を最も正しく説明している選択肢は？,この関数は、ユーザーリストを走査し、指定された名前と一致するすべてのユーザーを見つけて、それらのユーザーの情報を表示する。,3,この関数は、ユーザーリスト内のすべてのユーザーを表示し、指定された名前と一致するユーザーが存在するかどうかを確認する。,0.9491237998008728,0.7428802251815796,False
SearchUserByFirstNameScreen.json,関数の目的を最も正しく説明している選択肢は？,この関数は、ユーザーリストから指定された名前のユーザーを検索し、見つからなかった場合にメッセージを表示する。,0,この関数は、ユーザーリストから指定された名前のユーザーを検索し、見つからなかった場合にメッセージを表示する。,1.0,0.9485090970993042,True
SearchUserByFirstNameScreen.json,関数の目的を最も正しく説明している選択肢は？,この関数は、ユーザーリストから指定された名前のユーザーを検索し、見つからなかった場合にメッセージを表示する。,1,この関数は、ユーザーリストをソートし、最初のユーザーの名前を表示する。,0.7368049025535583,0.426713228225708,False
SearchUserByFirstNameScreen.json,関数の目的を最も正しく説明している選択肢は？,この関数は、ユーザーリストから指定された名前のユーザーを検索し、見つからなかった場合にメッセージを表示する。,2,この関数は、ユーザーリストを表示し、ユーザーが選択した名前のユーザーを削除する。,0.7312466502189636,0.5171209573745728,False
SearchUserByFirstNameScreen.json,関数の目的を最も正しく説明している選択肢は？,この関数は、ユーザーリストから指定された名前のユーザーを検索し、見つからなかった場合にメッセージを表示する。,3,この関数は、ユーザーリストからすべてのユーザーの名前を表示し、ユーザーに選択を促す。,0.7641545534133911,0.5749252438545227,False
SearchUserByID.json,関数の目的を最も正しく説明している選択肢は？,この関数は、リンクリスト内のユーザーをIDで検索し、見つかった場合はそのユーザーへのポインタを返す。,0,この関数は、指定されたIDを持つユーザーをリンクリストから削除する。,0.6738718748092651,0.6178427934646606,False
SearchUserByID.json,関数の目的を最も正しく説明している選択肢は？,この関数は、リンクリスト内のユーザーをIDで検索し、見つかった場合はそのユーザーへのポインタを返す。,1,この関数は、リンクリスト内のユーザーをIDで検索し、見つかった場合はそのユーザーへのポインタを返す。,1.0000001192092896,0.9614035487174988,True
SearchUserByID.json,関数の目的を最も正しく説明している選択肢は？,この関数は、リンクリスト内のユーザーをIDで検索し、見つかった場合はそのユーザーへのポインタを返す。,2,この関数は、ユーザーのIDを入力として受け取り、新しいユーザーをリンクリストに追加する。,0.7606617212295532,0.5956287384033203,False
SearchUserByID.json,関数の目的を最も正しく説明している選択肢は？,この関数は、リンクリスト内のユーザーをIDで検索し、見つかった場合はそのユーザーへのポインタを返す。,3,この関数は、リンクリスト内のすべてのユーザーのIDを出力する。,0.7488031983375549,0.6386083960533142,False
SearchUserByIDScreen.json,関数の目的を最も正しく説明している選択肢は？,この関数は、ユーザーリストから指定されたIDのユーザーを検索し、見つかった場合はそのユーザーの詳細を表示する。,0,この関数は、ユーザーリストからすべてのユーザーを検索し、各ユーザーのIDを表示する。,0.9116604924201965,0.7524267435073853,False
SearchUserByIDScreen.json,関数の目的を最も正しく説明している選択肢は？,この関数は、ユーザーリストから指定されたIDのユーザーを検索し、見つかった場合はそのユーザーの詳細を表示する。,1,この関数は、ユーザーリストから指定されたIDのユーザーを検索し、見つかった場合はそのユーザーの詳細を表示する。,1.000000238418579,0.9474882483482361,True
SearchUserByIDScreen.json,関数の目的を最も正しく説明している選択肢は？,この関数は、ユーザーリストから指定されたIDのユーザーを検索し、見つかった場合はそのユーザーの詳細を表示する。,2,この関数は、ユーザーリストに新しいユーザーを追加し、そのユーザーのIDを表示する。,0.8025076985359192,0.6814501881599426,False
SearchUserByIDScreen.json,関数の目的を最も正しく説明している選択肢は？,この関数は、ユーザーリストから指定されたIDのユーザーを検索し、見つかった場合はそのユーザーの詳細を表示する。,3,この関数は、ユーザーリストから指定されたIDのユーザーを削除し、削除されたことを確認するメッセージを表示する。,0.7320153713226318,0.6561258435249329,False
SortReservationsByDate.json,関数の目的を最も正しく説明している選択肢は？,関数は予約リストを日付順に昇順で並べ替える。,0,関数は予約リストを逆順に並べ替える。,0.8119428753852844,0.6756460070610046,False
SortReservationsByDate.json,関数の目的を最も正しく説明している選択肢は？,関数は予約リストを日付順に昇順で並べ替える。,1,関数は予約リストの重複を削除する。,0.6067940592765808,0.49798154830932617,False
SortReservationsByDate.json,関数の目的を最も正しく説明している選択肢は？,関数は予約リストを日付順に昇順で並べ替える。,2,関数は予約リストを日付順に昇順で並べ替える。,0.9999999403953552,0.9623653292655945,True
SortReservationsByDate.json,関数の目的を最も正しく説明している選択肢は？,関数は予約リストを日付順に昇順で並べ替える。,3,関数は予約リストを日付順に降順で並べ替える。,0.9703424572944641,0.8425273299217224,False
SortReservationsByDateScreen.json,関数の目的を最も正しく説明している選択肢は？,この関数は、予約リストが空でない場合、予約を日付順にソートし、成功メッセージを表示する。,0,この関数は、予約リストが空でない場合、予約を日付順にソートし、成功メッセージを表示する。,1.0,0.9660477638244629,True
SortReservationsByDateScreen.json,関数の目的を最も正しく説明している選択肢は？,この関数は、予約リストが空でない場合、予約を日付順にソートし、成功メッセージを表示する。,1,この関数は、予約リストが空であるかどうかに関係なく、常に成功メッセージを表示する。,0.7756636142730713,0.7044001221656799,False
SortReservationsByDateScreen.json,関数の目的を最も正しく説明している選択肢は？,この関数は、予約リストが空でない場合、予約を日付順にソートし、成功メッセージを表示する。,2,この関数は、予約リストを常に日付順にソートし、リストが空の場合はエラーメッセージを表示する。,0.6804459691047668,0.741395890712738,False
SortReservationsByDateScreen.json,関数の目的を最も正しく説明している選択肢は？,この関数は、予約リストが空でない場合、予約を日付順にソートし、成功メッセージを表示する。,3,この関数は、予約リストを日付順にソートし、ソートされたリストを新しい変数に保存する。,0.6577203869819641,0.569546639919281,False
SwapReservationData.json,関数の目的を最も正しく説明している選択肢は？,関数は2つの予約データのすべてのフィールドを交換する。,0,関数は2つの予約データのすべてのフィールドを交換する。,1.0,0.9923680424690247,True
SwapReservationData.json,関数の目的を最も正しく説明している選択肢は？,関数は2つの予約データのすべてのフィールドを交換する。,1,関数は2つの予約データのIDフィールドのみを交換する。,0.6382260918617249,0.6327884197235107,False
SwapReservationData.json,関数の目的を最も正しく説明している選択肢は？,関数は2つの予約データのすべてのフィールドを交換する。,2,関数は2つの予約データの日時情報のみを交換する。,0.5698149800300598,0.6885839700698853,False
SwapReservationData.json,関数の目的を最も正しく説明している選択肢は？,関数は2つの予約データのすべてのフィールドを交換する。,3,関数は2つの予約データのユーザーIDフィールドのみを交換する。,0.6056012511253357,0.6357805728912354,False
UserManagementMenu.json,関数の目的を最も正しく説明している選択肢は？,UserManagementMenu 関数は、ユーザー管理メニューを表示し、ユーザーの追加、検索、表示、削除の操作を行うための選択肢を提供する。,0,UserManagementMenu 関数は、ユーザーの権限を管理するための詳細な設定を行うことができる。,0.8670340776443481,0.607689380645752,False
UserManagementMenu.json,関数の目的を最も正しく説明している選択肢は？,UserManagementMenu 関数は、ユーザー管理メニューを表示し、ユーザーの追加、検索、表示、削除の操作を行うための選択肢を提供する。,1,UserManagementMenu 関数は、ユーザーのデータを自動的にバックアップする機能を持っている。,0.7211124300956726,0.577025830745697,False
UserManagementMenu.json,関数の目的を最も正しく説明している選択肢は？,UserManagementMenu 関数は、ユーザー管理メニューを表示し、ユーザーの追加、検索、表示、削除の操作を行うための選択肢を提供する。,2,UserManagementMenu 関数は、ユーザーのパスワードを変更するためのオプションを提供する。,0.7207050323486328,0.6265431046485901,False
UserManagementMenu.json,関数の目的を最も正しく説明している選択肢は？,UserManagementMenu 関数は、ユーザー管理メニューを表示し、ユーザーの追加、検索、表示、削除の操作を行うための選択肢を提供する。,3,UserManagementMenu 関数は、ユーザー管理メニューを表示し、ユーザーの追加、検索、表示、削除の操作を行うための選択肢を提供する。,1.0,0.9850137829780579,True
