"function","L0","L1","L2","L3","L4","L5","L6","L7","L99"
"CheckRoomAvailabilityScreen","0","0","0","0","0","0","0","0","1"
"DeleteReservationByID","1","1","1","1","1","1","1","1","1"
"DeleteRoomByID","1","1","1","1","1","1","1","1","1"
"DisplayReservationCard","1","0","0","0","1","0","1","0","1"
"DisplayUserCard","1","1","0","0","0","0","0","0","0"
"ReadIntBetween","1","1","1","1","1","1","1","1","1"
"ReservationManagementMenu","1","1","1","1","1","1","1","1","1"
"SearchUserByFirstNameScreen","1","1","1","1","1","1","1","1","1"
"main","1","1","1","1","0","1","1","1","1"
