function,question,predicted_letter,predicted_text,correct_letter,correct_text
CheckRoomAvailabilityScreen,関数の目的を最も正しく説明している選択肢は？,C,この関数は、ユーザーに部屋の空き状況を名前またはIDで確認する方法を選ばせ、その選択に基づいて適切な検索画面を表示する。,C,この関数は、ユーザーに部屋の空き状況を名前またはIDで確認する方法を選ばせ、その選択に基づいて適切な検索画面を表示する。
DeleteReservationByID,関数の目的を最も正しく説明している選択肢は？,A,この関数は、指定された ID を持つ予約を予約リストから削除し、リストの先頭を返します。,A,この関数は、指定された ID を持つ予約を予約リストから削除し、リストの先頭を返します。
DeleteRoomByID,関数の目的を最も正しく説明している選択肢は？,C,この関数は、リンクリストから指定されたIDの部屋を削除し、リストの先頭を返します。,C,この関数は、リンクリストから指定されたIDの部屋を削除し、リストの先頭を返します。
DisplayReservationCard,関数の目的を最も正しく説明している選択肢は？,A,この関数は、予約情報を整形してコンソールに出力するためのものである。,D,この関数は、予約情報をフォーマットしてコンソールに表示するためのものである。
DisplayUserCard,関数の目的を最も正しく説明している選択肢は？,D,この関数は、ユーザーのID、名前、姓をフォーマットされたカード形式でコンソールに表示する。,D,この関数は、ユーザーのID、名前、姓をフォーマットされたカード形式でコンソールに表示する。
ReadIntBetween,関数の目的を最も正しく説明している選択肢は？,A,この関数は、ユーザーから整数を読み取り、その整数が指定された範囲内にない場合、再入力を求め続ける。,D,この関数は、ユーザーから整数を読み取り、その整数が指定された範囲内にあるかどうかを確認し、範囲外の場合は再入力を求める。
ReservationManagementMenu,関数の目的を最も正しく説明している選択肢は？,D,ReservationManagementMenu 関数は、予約の追加、削除、表示、日付によるソートを行うためのメニューを表示し、ユーザーの選択に応じて適切な画面を呼び出す。,D,ReservationManagementMenu 関数は、予約の追加、削除、表示、日付によるソートを行うためのメニューを表示し、ユーザーの選択に応じて適切な画面を呼び出す。
SearchUserByFirstNameScreen,関数の目的を最も正しく説明している選択肢は？,C,この関数は、ユーザーリストから指定された名前のユーザーを検索し、見つからなかった場合にメッセージを表示する。,C,この関数は、ユーザーリストから指定された名前のユーザーを検索し、見つからなかった場合にメッセージを表示する。
main,関数の目的を最も正しく説明している選択肢は？,C,main関数はプログラムのエントリーポイントであり、MainMenu関数を呼び出してプログラムを終了する。,C,main関数はプログラムのエントリーポイントであり、MainMenu関数を呼び出してプログラムを終了する。
