function_name,Logical,Precise,Unambiguous,Exhaustive,Troubleshooting,Contextualizing,Condensing
PauseProgram,この関数は、ユーザーがEnterキーを押すまでプログラムを一時停止し、メインメニューに戻るよう促します。,標準出力にメッセージを表示し、ユーザーの入力を待機してEnterキーが押されると次の処理に進みます。,ユーザーがEnterキーを押すまでプログラムの進行を停止するための関数です。,Enterキー以外の入力を受け取ると意図した動作をしない可能性がありますが、エラー処理は実装されていません。,不正な入力があった場合のエラー処理は実装されていないため、入力がEnterキーであることを確認する必要があります。,ユーザーがメインメニューに戻る前に一時停止が必要な場面で使用されます。,Enterキーが押されるまでプログラムを一時停止し、メインメニューに戻るよう促す関数です。
ScreenHeader,この関数は、指定されたタイトルを画面のヘッダーとして表示します。,画面をクリアした後、タイトルを囲む装飾ラインと共に標準出力に表示します。,関数は、画面をクリアし、タイトルを装飾ラインで囲んで表示します。,戻り値はなく、標準出力に影響を与えますが、エラー処理は行っていません。,"エラー処理は実装されておらず、`system(""cls"")`が失敗した場合の対処はありません。",この関数は、コンソールアプリケーションで画面のヘッダーを表示する際に使用されます。,画面をクリアし、指定されたタイトルを装飾ラインで囲んで表示します。
ReadIntBetween,この関数は、指定された範囲内の整数をユーザーから入力として取得します。,ユーザーから整数を入力させ、その値が指定された範囲内に収まるまで再入力を促します。,ユーザーが入力した整数が範囲外の場合、範囲内の整数が入力されるまで再度入力を求めます。,範囲内の整数が入力されると、その整数を返します。範囲外の入力があった場合は再入力を促します。,範囲外の入力があった場合、範囲内の整数が入力されるまでプロンプトを表示し続けます。,この関数は、ユーザーから特定の範囲内の整数入力を必要とする場面で使用されます。,ユーザーから指定された範囲内の整数を取得し、範囲外の場合は再入力を促します。
ReadDate,この関数は、ユーザーから日付を入力として受け取り、それを構造体として返します。,関数は、指定されたメッセージを表示し、ユーザーから日付の3つの整数（年、月、日）を入力として受け取り、それを構造体stDateに格納して返します。,関数は標準入力から日付を取得し、stDate構造体に格納して返します。,関数はユーザーの入力に基づいてstDate構造体を返しますが、入力が不正な場合のエラーハンドリングはありません。,不正な入力があった場合、scanfは期待通りに動作しない可能性があるため、入力の検証やエラーチェックを追加する必要があります。,この関数は、ユーザーから日付情報を取得する必要があるプログラム内で使用されます。,ユーザーから日付を入力させ、それをstDate構造体として返す関数です。
ReadTime,この関数は、ユーザーから時間を入力として受け取り、stTime構造体として返します。,関数はメッセージを表示し、ユーザーから時間（時と分）を標準入力から取得してstTime構造体に格納します。,ユーザーにメッセージを表示し、整数として時と分を入力させ、それをstTime構造体に保存して返します。,関数はユーザー入力に基づいてstTime構造体を返しますが、入力が不正な場合のエラーチェックは行っていません。,入力が不正な場合、関数はエラーを処理せず、不正なデータがstTime構造体に格納される可能性があります。,この関数は、ユーザーから時間情報を取得する必要があるプログラム内で使用されます。,ユーザーから時と分を入力させ、stTime構造体として返す関数です。
IsDate1BeforeDate2,この関数は、2つの日付を比較し、最初の日付が2番目の日付よりも前であるかを判定します。,年、月、日の順に比較し、最初に異なる値を持つ単位で判定を行います。,年が異なる場合は年を、年が同じ場合は月を、月も同じ場合は日を比較して判定します。,最初の日付が2番目の日付より前の場合はtrueを返し、それ以外の場合はfalseを返します。,この関数はエラー処理を行わないため、入力データの妥当性は呼び出し元で確認する必要があります。,日付の順序を確認する必要がある場面で使用されます。,2つの日付を比較し、最初の日付が2番目の日付よりも前かを判定します。
IsTime1BeforeTime2,この関数は、Time1がTime2よりも前の時間かどうかを判定します。,Time1とTime2の時間（Hour）を比較し、同じ場合は分（Minute）を比較して判定します。,Time1の時間がTime2よりも早い場合はtrueを返し、そうでない場合はfalseを返します。,Time1がTime2よりも早い場合にtrueを返し、同時または遅い場合にはfalseを返します。,この関数はエラーや例外を考慮していないため、入力データの整合性は事前に確認する必要があります。,この関数は、時間の順序を確認する必要があるスケジューリングや時間管理の場面で使用されます。,Time1がTime2よりも前の時間かどうかを判定する関数です。
ExitScreen,この関数は、終了画面を表示するためのものです。,画面をクリアした後、プロジェクトの終了メッセージと作成者の情報を表示します。,画面をクリアし、特定のフォーマットで終了メッセージを表示します。,この関数は画面をクリアし、固定のメッセージを表示するだけで、戻り値や他の影響はありません。,"この関数自体にはエラー処理は含まれておらず、`system(""cls"")`が失敗した場合の対処はありません。",プログラムの終了時に、ユーザーにプロジェクトの完了を知らせるために使用されます。,終了画面を表示して、プロジェクトの完了を示します。
MainMenu,この関数は、ユーザーにメインメニューを表示し、選択に応じて異なる管理メニューを呼び出す役割を持ちます。,メニューを表示し、ユーザーの選択を受け取り、その選択に基づいて適切な管理メニュー関数を呼び出します。,ユーザーの選択に基づいて、ユーザー管理、部屋管理、予約管理の各メニューを呼び出し、選択が4の場合はプログラムを終了します。,選択が1〜3の場合は対応する管理メニューを呼び出し、4の場合は終了し、それ以外はエラーメッセージを表示します。,無効な選択をした場合はエラーメッセージを表示し、再度選択を促します。,この関数は、ユーザーがシステムの異なる管理機能にアクセスするためのエントリーポイントとして使用されます。,メインメニューを表示し、ユーザーの選択に基づいて適切な管理メニューを呼び出す関数です。
main,この関数はプログラムのエントリーポイントとして、メインメニューを表示するために呼び出されます。,MainMenu関数を呼び出し、その後プログラムを終了します。,プログラム開始時にMainMenu関数を実行し、終了コード0を返します。,MainMenu関数の実行後、正常終了を示す0を返します。,この関数自体はエラー処理を行いませんが、MainMenu関数内でのエラー処理が必要です。,この関数はC言語プログラムの開始地点として、ユーザーにメインメニューを提示する際に使用されます。,プログラム開始時にメインメニューを表示し、正常終了します。
DisplayUserCard,この関数は、ユーザーの情報をフォーマットしてコンソールに表示します。,ユーザー構造体のポインタを受け取り、そのID、名前、姓をprintf関数を用いて出力します。,ユーザー情報は、ID、名前、姓の順に一貫したフォーマットで表示されます。,この関数は戻り値を持たず、ユーザー情報を標準出力に表示するだけです。,ユーザーポインタがNULLの場合、未定義の動作が発生する可能性があります。,この関数は、ユーザー情報を確認したいときやログに記録したいときに使用されます。,ユーザーのID、名前、姓をフォーマットしてコンソールに表示する関数です。
ReadUserInfo,この関数はユーザー情報を入力し、指定された構造体に格納します。,ユーザーにID、名前、苗字を入力させ、それらをUserPtr構造体のメンバーに格納します。,ユーザーからIDと名前を取得し、構造体の対応するフィールドに保存します。,IDは0から9999の範囲で入力され、NextポインタはNULLに設定されます。,IDの入力が範囲外の場合、再入力を促す処理が必要です。名前の入力でバッファオーバーフローが発生しないように注意が必要です。,この関数はユーザー情報を管理するシステムで、ユーザー情報を初期化または更新する際に使用されます。,ユーザーからIDと名前を入力し、構造体に保存する関数です。
SearchUserByFirstName,この関数は、ユーザーリストから指定された名前を持つユーザーを検索し、見つかった場合にその情報を表示します。,ユーザーリストを線形探索し、指定された名前と一致するユーザーを見つけた場合にその情報を表示し、フラグをtrueに設定します。,ユーザーリストを先頭から末尾まで順に確認し、一致する名前が見つかるとそのユーザー情報を表示し、フラグを更新します。,一致するユーザーが見つかるとその情報を表示し、フラグをtrueに設定しますが、見つからない場合は何も表示されず、フラグは変更されません。,関数内でエラー処理は行われておらず、NULLポインタや不正な入力に対する対処は呼び出し元で行う必要があります。,この関数は、ユーザー情報を管理するシステムで、特定の名前を持つユーザーを検索する際に使用されます。,指定された名前を持つユーザーをリストから検索し、見つかった場合にその情報を表示します。
SearchUserByID,この関数は、ユーザーリストから指定されたIDを持つユーザーを検索する。,リストを先頭から順に走査し、各ユーザーのIDを比較して一致した場合にそのユーザーを返す。,ユーザーIDが一致した場合はそのユーザーへのポインタを返し、一致しない場合は次のユーザーを確認し、リストの終端まで一致しない場合はNULLを返す。,一致するユーザーが見つかればそのポインタを返し、見つからなければNULLを返す。,リストがNULLの場合やIDが見つからない場合はNULLを返し、エラーとして扱うことができる。,この関数は、ユーザー管理システムやデータベース操作で特定のユーザーを検索する際に使用される。,ユーザーリストから指定IDのユーザーを検索し、見つかればそのポインタを返す。
AddNewUser,この関数は、新しいユーザーを既存のユーザーリストの末尾に追加します。,ユーザーリストが空の場合は新しいユーザーを返し、そうでない場合はリストの末尾に新しいユーザーを追加します。,ユーザーリストがNULLの場合、新しいユーザーがリストの先頭となり、そうでない場合はリストの最後に新しいユーザーが追加されます。,ユーザーリストがNULLの場合は新しいユーザーを返し、正常に追加された場合は更新されたユーザーリストを返します。,ユーザーリストや新しいユーザーがNULLであることを考慮しており、NULLチェックを行うことでエラーを回避します。,この関数は、ユーザー管理システムで新しいユーザーをリストに追加する際に使用されます。,新しいユーザーを既存のユーザーリストの末尾に追加する関数です。
DeleteUserByID,この関数は、指定されたIDを持つユーザーをリンクリストから削除します。,リンクリストを線形探索し、指定されたIDを持つノードを見つけて削除し、リストを更新します。,指定されたIDを持つユーザーが見つかると、そのノードをリストから削除し、メモリを解放します。,ユーザーが見つからない場合はリストに変更はなく、見つかった場合はそのユーザーを削除して更新されたリストを返します。,削除対象のユーザーが見つからない場合は何も削除せず、メモリ解放時にNULLポインタを渡さないように注意が必要です。,この関数は、ユーザー管理システムなどでユーザー情報を動的に管理する際に使用されます。,指定されたIDのユーザーをリンクリストから削除し、リストを更新して返します。
AddNewUserScreen,この関数は、新しいユーザーをユーザーリストに追加するための画面を表示し、ユーザー情報を入力してリストに追加します。,関数は、新しいユーザーの情報を読み込み、既存のユーザーリストに同じIDのユーザーが存在しない場合にリストに追加します。,ユーザーIDが既存のリストに存在しない場合にのみ、新しいユーザーをリストに追加します。,ユーザーが正常に追加された場合は成功メッセージを表示し、既に存在する場合は警告メッセージを表示します。,ユーザーIDの重複がある場合は、ユーザーが追加されず、重複の警告メッセージが表示されます。,この関数は、ユーザー管理システムにおいて新しいユーザーを追加する際に使用されます。,新しいユーザーをリストに追加し、成功または重複のメッセージを表示します。
SearchUserByFirstNameScreen,この関数は、ユーザーのリストから指定された名前を持つユーザーを検索し、結果を表示します。,ユーザーに名前の入力を求め、その名前でユーザーリストを検索し、結果を表示します。,入力された名前でユーザーリストを検索し、見つからなければメッセージを表示します。,ユーザーが見つかった場合は何も表示せず、見つからなければ「User not Found!」と表示します。,入力エラーや検索エラーに対する具体的な対処はありませんが、ユーザーが見つからない場合にメッセージを表示します。,ユーザー情報を管理するシステム内で、特定のユーザーを名前で検索するために使用されます。,ユーザーの名前を入力してリストから検索し、見つからない場合はメッセージを表示します。
SearchUserByIDScreen,この関数は、ユーザーIDを入力して該当するユーザーを検索し、その結果を表示する。,ユーザーにIDを入力させ、そのIDを用いてユーザーリストからユーザーを検索し、見つかった場合はユーザー情報を表示する。,ユーザーIDを入力し、該当するユーザーが見つかればその情報を表示し、見つからなければ見つからなかった旨を表示する。,ユーザーが見つからない場合はエラーメッセージを表示し、見つかった場合はユーザー情報を表示する。,"ユーザーが見つからない場合は""User not Found!""と表示し、プログラムは続行される。",ユーザー情報をIDで検索する機能が必要な場面で使用される。,ユーザーIDを入力して該当するユーザーを検索し、結果を表示する関数。
DisplayUserListScreen,ユーザーリストを画面に表示する関数です。,ユーザーリストが空でない場合、リスト内の各ユーザーを順に表示し、空の場合はその旨を表示します。,ユーザーリストがNULLの場合は空であると表示し、そうでない場合は各ユーザーを順に表示します。,"ユーザーリストがNULLの場合は""List is empty!""を表示し、各ユーザーを表示した後にプログラムを一時停止します。","ユーザーリストがNULLの場合は""List is empty!""と表示されるため、リストが空であることが明示されます。",ユーザー情報を一覧表示する画面で使用される関数です。,ユーザーリストを表示し、空の場合はその旨を表示する関数です。
DeleteUserScreen,この関数は、ユーザーリストから指定されたIDのユーザーを削除するための画面を表示します。,ユーザーIDを入力し、該当ユーザーを検索して表示、削除の確認を行い、削除が承認された場合はユーザーリストから削除します。,ユーザーIDを入力し、存在する場合は削除確認を行い、承認されれば削除、存在しない場合はエラーメッセージを表示します。,ユーザーが存在し削除された場合は成功メッセージを表示し、存在しない場合はエラーメッセージを表示します。,ユーザーが見つからない場合はエラーメッセージを表示し、削除は行われません。,この関数は、ユーザー管理システムの一部として、ユーザーを削除する際に使用されます。,指定されたIDのユーザーを削除するための確認と処理を行う関数です。
UserManagementMenu,この関数は、ユーザー管理メニューを表示し、ユーザーに関連する操作を選択して実行します。,ユーザーはメニューから選択し、選択に応じたユーザー管理操作が実行されます。,ユーザーは1から6の選択肢を入力し、それに応じた機能が呼び出されます。,選択肢に応じてユーザー追加、検索、表示、削除が行われ、6を選ぶとメニューを終了します。,無効な選択肢が入力された場合にはエラーメッセージが表示されます。,この関数はユーザー管理システムの一部として、ユーザー情報の操作を行う際に使用されます。,ユーザー管理メニューを表示し、選択された操作を実行します。
DisplayRoomCard,この関数は、指定された部屋の情報をフォーマットして表示します。,部屋のID、名前、予約状況、および予約されている場合はその日時をprintf関数で出力します。,部屋が予約されているかどうかに応じて、予約の詳細を含むかどうかが決まります。,部屋が予約されている場合は、予約の日付と時間を表示し、予約されていない場合はその旨を表示します。,この関数にはエラー処理が含まれておらず、NULLポインタが渡された場合に未定義の動作を引き起こす可能性があります。,この関数は、部屋の詳細をユーザーに表示するために、ユーザーインターフェースやデバッグの場面で使用されます。,部屋の詳細情報をフォーマットしてコンソールに出力する関数です。
ReadRoomInfo,この関数は、部屋情報を入力し、構造体に格納するためのものです。,ユーザーから部屋のIDと名前を入力し、構造体の対応するフィールドに格納します。また、予約状態を初期化し、次の部屋へのポインタをNULLに設定します。,関数は、部屋のIDを0から9999の範囲で取得し、名前を標準入力から読み取ります。予約状態をfalseに設定し、次のポインタをNULLにします。,関数は戻り値を持たず、入力されたデータを直接構造体に格納します。エラー処理は特に行っていません。,IDの入力が範囲外の場合や名前入力でエラーが発生した場合の処理は実装されていません。,この関数は、部屋情報を初期化する際に使用され、ホテル管理システムなどで利用される可能性があります。,ユーザーから部屋のIDと名前を入力し、構造体に格納して初期化する関数です。
SearchRoomByID,この関数は、リンクリストから指定されたIDを持つ部屋を検索して返します。,リストの各要素を順にチェックし、IDが一致する要素を見つけたらそのポインタを返します。,IDが一致する部屋が見つかった場合はそのポインタを、見つからなかった場合はNULLを返します。,一致するIDが見つかればその部屋のポインタを返し、見つからなければNULLを返します。,IDが見つからない場合はNULLが返されるため、呼び出し側でNULLチェックを行う必要があります。,この関数は、部屋の情報を管理するシステムで特定の部屋を検索する際に使用されます。,指定されたIDを持つ部屋をリンクリストから検索し、見つかればそのポインタを返します。
AddNewRoom,この関数は、新しい部屋を既存の部屋リストの末尾に追加します。,関数は、まず部屋リストが空かどうかを確認し、空であれば新しい部屋を返し、そうでなければリストの末尾まで移動して新しい部屋を追加します。,部屋リストがNULLの場合、新しい部屋をそのまま返し、そうでない場合はリストの最後に新しい部屋を接続してリスト全体を返します。,部屋リストがNULLの場合は新しい部屋を返し、そうでない場合はリストの末尾に新しい部屋を追加してからリスト全体を返します。,関数内でエラー処理は行われておらず、NULLポインタが渡された場合の動作は未定義です。,この関数は、部屋を管理するシステムにおいて、新しい部屋をリストに追加する際に使用されます。,新しい部屋を既存の部屋リストの末尾に追加する関数です。
SearchRoomByName,この関数は、指定された名前に一致する部屋をリストから検索し、見つかった場合にその情報を表示します。,部屋のリストを順に走査し、名前が一致する部屋を見つけると、その部屋の情報を表示し、存在フラグを真に設定します。,部屋の名前が一致した場合にのみ情報を表示し、フラグを更新します。,一致する部屋が見つかるとその情報を表示し、フラグを真に設定しますが、見つからない場合は何も表示せず、フラグは変更されません。,エラー処理は実装されておらず、部屋のリストがNULLの場合は何も行いません。,この関数は、部屋の情報を管理するシステムなどで、特定の部屋を検索する際に使用されます。,指定された名前の部屋をリストから検索し、見つかれば情報を表示して存在フラグを更新します。
DeleteRoomByID,この関数は、リンクリストから指定されたIDの部屋を削除します。,リストを先頭から順に探索し、指定されたIDの部屋を見つけたら、そのノードをリストから削除し、メモリを解放します。,関数は、指定されたIDを持つノードを見つけて削除し、リストの先頭が削除された場合も考慮しています。,削除されたノードのメモリを解放し、更新されたリストの先頭を返しますが、IDが見つからない場合の処理はありません。,IDが見つからない場合、関数は何も削除せず、リストの先頭をそのまま返します。,この関数は、部屋の情報を管理するアプリケーションで、特定の部屋をリストから削除する際に使用されます。,指定されたIDの部屋をリンクリストから削除し、メモリを解放して更新されたリストを返します。
AddNewRoomScreen,この関数は、新しい部屋をリストに追加するための画面を表示し、部屋情報を入力してリストに追加します。,新しい部屋の情報をメモリに確保し、入力された情報を元に部屋IDを検索し、存在しなければリストに追加します。,部屋IDが既に存在する場合は追加せず、存在しない場合のみ新しい部屋をリストに追加します。,部屋が追加された場合は成功メッセージを表示し、既存の場合はエラーメッセージを表示します。メモリ確保や入力時のエラー処理は行っていません。,部屋IDの重複時にはエラーメッセージを表示しますが、メモリ確保や入力エラー時の対処はありません。,この関数は、部屋管理システムの一部として、新しい部屋を追加する際に使用されます。,新しい部屋をリストに追加し、重複する場合はエラーメッセージを表示します。
SearchRoomByNameScreen,この関数は、ユーザーが入力した名前に基づいて部屋を検索し、結果を表示します。,ユーザーに部屋の名前を入力させ、その名前を用いてリスト内の部屋を検索し、見つからなければメッセージを表示します。,ユーザーが入力した名前で部屋を検索し、見つからない場合は「Room not Found!」と表示します。,部屋が見つかった場合は何も表示せず、見つからない場合はエラーメッセージを表示し、プログラムを一時停止します。,部屋が見つからない場合は、エラーメッセージを表示し、ユーザーに再試行の機会を与えるためにプログラムを一時停止します。,この関数は、部屋の管理システムにおいて、ユーザーが特定の部屋を名前で検索する際に使用されます。,ユーザーが入力した名前で部屋を検索し、見つからない場合はエラーメッセージを表示します。
SearchRoomByIDScreen,この関数は、ユーザーが入力したIDに基づいて部屋を検索し、その結果を表示します。,ユーザーからIDを入力させ、そのIDを用いて部屋リストから部屋を検索し、見つかった場合は部屋情報を表示します。,関数は指定されたIDで部屋を検索し、見つからなければエラーメッセージを表示し、見つかれば部屋の詳細を表示します。,部屋が見つからない場合はエラーメッセージを表示し、見つかった場合は部屋情報を表示します。どちらの場合もプログラムを一時停止します。,部屋が見つからない場合は、エラーメッセージを表示してユーザーに通知します。,この関数は、ユーザーが部屋の詳細を確認したいときに使用されます。,ユーザーが入力したIDで部屋を検索し、結果を表示する関数です。
DisplayRoomListScreen,この関数は、部屋のリストを画面に表示する機能を持つ。,部屋リストが空であるかを確認し、空であればメッセージを表示し、そうでなければ各部屋情報を順に表示する。,部屋リストがNULLの場合は空リストのメッセージを表示し、そうでない場合はリスト内の各部屋を順に表示する。,"部屋リストがNULLの場合は""List is empty!""を表示し、リストが存在する場合は各部屋を順に表示する。エラー処理は特に行っていない。","部屋リストがNULLの場合に""List is empty!""と表示するが、その他のエラー処理は実装されていない。",この関数は、ユーザーインターフェースの一部として、部屋情報を表示する場面で使用される。,部屋リストを画面に表示し、空の場合はメッセージを表示する関数。
DeleteRoomScreen,この関数は、指定されたIDの部屋をリストから削除するための画面を表示し、削除操作を実行します。,ユーザーに部屋IDを入力させ、そのIDの部屋を検索し、見つかった場合は削除の確認を求め、確認後に削除を実行します。,部屋IDを入力し、存在する場合は削除確認を行い、ユーザーが承認した場合にのみ削除を実行します。,部屋が見つかれば削除し、成功メッセージを表示し、見つからなければエラーメッセージを表示します。,部屋が見つからない場合はエラーメッセージを表示し、削除操作は行われません。,この関数は、部屋管理システムで部屋を削除する際に使用されます。,指定されたIDの部屋を削除するための確認と操作を行う関数です。
CheckRoomAvailabilityScreen,この関数は、部屋の空き状況を名前またはIDで確認するための画面を表示します。,ユーザーに名前またはIDでの検索方法を選択させ、その選択に基づいて対応する検索関数を呼び出します。,ユーザーの選択に応じて、名前での検索またはIDでの検索を行うことができるように分岐処理を行います。,選択肢が1または2の場合にそれぞれの検索関数を呼び出し、それ以外の選択肢ではエラーメッセージを表示します。,無効な選択肢が入力された場合にエラーメッセージを表示し、再入力を促します。,この関数は、ホテルや施設の予約システムにおいて、ユーザーが部屋の空き状況を確認する際に使用されます。,部屋の空き状況を名前またはIDで確認するための選択画面を提供します。
RoomManagementMenu,この関数は、部屋管理メニューを表示し、ユーザーの選択に応じて適切な処理を行います。,ユーザーに1から7の選択肢を提示し、選択に応じて部屋の追加、検索、表示、削除、空室確認、またはメインメニューへの移行を行います。,選択肢に基づいて、対応する部屋管理機能を呼び出すか、メインメニューに戻ります。,選択肢が1から6の場合は対応する処理を行い、7の場合はメニューを終了します。無効な選択肢にはエラーメッセージを表示します。,無効な選択肢を入力した場合、エラーメッセージを表示しますが、それ以外のエラー処理は実装されていません。,この関数は、部屋管理システムのユーザーインターフェースとして使用され、ユーザーが部屋情報を管理する際に呼び出されます。,部屋管理メニューを表示し、ユーザーの選択に応じて部屋の管理操作を実行します。
DisplayReservationCard,この関数は予約情報をフォーマットして表示します。,予約情報の各フィールドを取得し、フォーマットされた文字列として標準出力に表示します。,Reservation構造体のメンバーを使用して、予約の詳細を明確に表示します。,この関数は出力を行うだけで、戻り値はなく、他のシステムへの影響もありません。,ReservationがNULLの場合、プログラムがクラッシュする可能性があるため、NULLチェックを追加することが推奨されます。,この関数は、予約管理システムで予約の詳細をユーザーに表示する際に使用されます。,予約情報をフォーマットして標準出力に表示する関数です。
SearchReservationByID,この関数は、予約リストから指定されたIDの予約を検索して返します。,リストの先頭から順に各予約のIDを比較し、一致する予約が見つかればそのポインタを返します。,リストを線形探索し、IDが一致する最初の予約を見つけた時点でそのポインタを返し、見つからない場合はNULLを返します。,一致する予約が見つかればその予約のポインタを返し、見つからなければNULLを返します。,予約リストがNULLの場合やIDが見つからない場合はNULLを返しますが、エラー処理は特に行っていません。,この関数は、予約管理システムなどで特定の予約を検索する際に使用されます。,予約リストから指定IDの予約を検索し、見つかればそのポインタを返します。
DeleteReservationByID,この関数は、予約リストから指定されたIDの予約を削除します。,リストを順に走査し、指定されたIDと一致する予約を見つけたら、そのノードをリストから削除します。,指定されたIDの予約を見つけた場合、そのノードをリストから削除し、メモリを解放します。,指定されたIDの予約が見つかると削除され、リストの先頭が変更される可能性があります。見つからない場合はリストは変更されません。,削除する予約が見つからない場合、リストはそのまま返され、特にエラー処理は行われません。,この関数は、予約管理システムなどで、特定の予約を削除する際に使用されます。,指定されたIDの予約をリストから削除し、メモリを解放します。
ReadReservationPeriod,この関数は予約情報と部屋情報に予約期間を読み込み、設定します。,ユーザーから予約の日付と開始・終了時間を入力させ、それを予約情報と部屋情報に格納します。,ユーザー入力を通じて予約の日付と時間を取得し、予約情報と部屋情報の両方に同じ値を設定します。,関数は予約情報と部屋情報のDate、Start_Time、End_Timeを設定し、部屋の予約状態をtrueにします。,ユーザー入力が不適切な場合、ReadDateやReadTime関数でエラー処理が行われる必要がありますが、この関数内では特にエラー処理は行われていません。,この関数は、予約システムにおいてユーザーから予約情報を取得し、部屋の予約状態を更新する際に使用されます。,予約情報と部屋情報にユーザー入力から予約期間を設定し、部屋を予約済みにします。
ReadReservationInfo,この関数は予約情報を入力し、予約リストに追加するためのデータを取得します。,ユーザーから予約ID、ユーザーID、部屋IDを入力させ、既存のデータと照合して有効な情報を取得します。,予約IDは既存の予約と重複しないこと、ユーザーIDは存在すること、部屋IDは予約可能であることを確認します。,予約ID、ユーザーID、部屋IDの入力が完了し、部屋が予約可能であれば、予約期間を設定し、予約情報のリストに追加します。,入力されたIDが無効または重複している場合、再入力を促すメッセージを表示します。,この関数は予約管理システムの一部として、新しい予約情報を追加する際に使用されます。,ユーザーから予約情報を取得し、既存のデータと照合して有効な予約を作成します。
AddNewReservation,この関数は、新しい予約を既存の予約リストの末尾に追加します。,予約リストが空の場合は新しい予約をそのまま返し、そうでない場合はリストの末尾を探索して新しい予約を追加します。,予約リストがNULLの場合、新しい予約を返し、そうでない場合はリストの最後に新しい予約を接続します。,予約リストがNULLなら新しい予約を返し、そうでない場合は更新された予約リストを返します。,エラー処理は特に行われておらず、入力がNULLである場合の動作のみを考慮しています。,この関数は、予約管理システムで新しい予約をリストに追加する際に使用されます。,新しい予約を予約リストの末尾に追加する関数です。
AddNewReservationScreen,この関数は、新しい予約を追加するための画面を表示し、予約情報を取得してリストに追加します。,関数は、まず画面ヘッダーを表示し、次に新しい予約のメモリを確保し、ユーザーと部屋のリストを基に予約情報を読み込み、予約リストに新しい予約を追加します。,関数は、予約情報を読み込み、予約リストに追加し、成功メッセージを表示してプログラムを一時停止します。,関数は、新しい予約が正常に追加されたことを示すメッセージを表示し、プログラムを一時停止しますが、メモリ確保や予約追加が失敗した場合の処理は含まれていません。,メモリ確保や予約追加が失敗した場合のエラーハンドリングが実装されていないため、これらのケースに対する対策が必要です。,この関数は、予約管理システムの一部として、新しい予約を追加する際に使用されます。,新しい予約を追加し、成功メッセージを表示する関数です。
DeleteReservationScreen,この関数は、予約リストから指定されたIDの予約を削除するためのものです。,ユーザーに予約IDを入力させ、そのIDに基づいて予約を検索し、確認後に削除します。,予約IDを入力し、存在する場合は削除確認を行い、ユーザーが承認した場合に削除を実行します。,予約が見つかった場合は削除し、成功メッセージを表示しますが、見つからない場合はエラーメッセージを表示します。,予約が見つからない場合は、エラーメッセージを表示して処理を終了します。,この関数は、予約管理システム内で予約を削除する際に使用されます。,指定されたIDの予約を削除し、成功または失敗のメッセージを表示します。
DisplayReservationsScreen,この関数は、予約リストを表示するための画面を出力します。,予約リストが空かどうかをチェックし、空でない場合は各予約を順に表示します。,予約リストがNULLの場合は'List is empty!'と表示し、そうでない場合は各予約を順に表示します。,予約リストがNULLの場合は'List is empty!'を表示し、リストが存在する場合は各予約を番号付きで表示します。,予約リストがNULLの場合は適切に'List is empty!'と表示されるため、エラーは発生しません。,この関数は、予約情報をユーザーに表示する必要がある場面で使用されます。,予約リストを画面に表示し、リストが空の場合はその旨を通知します。
SwapReservationData,この関数は、2つの予約データの内容を入れ替える。,一時変数を用いて、2つの予約構造体の各フィールドの値を交換している。,Reservation1とReservation2の各フィールド（ID、UserID、RoomID、Date、Start_Time、End_Time）を正確に入れ替える。,関数はvoid型で戻り値はなく、直接渡された予約データの内容を変更する。,エラー処理は含まれておらず、無効なポインタが渡された場合の動作は未定義。,予約データを管理するシステム内で、予約情報の入れ替えが必要な場面で使用される。,2つの予約データの内容を一時変数を使って入れ替える関数。
SortReservationsByDate,この関数は、予約リストを日付順にソートします。,リスト内の各予約を二重ループで比較し、必要に応じてデータを入れ替えることでソートを行います。,各予約のデータを比較し、日付が前のものを先にするようにデータを交換します。,関数はソートされた予約リストを返し、リスト内のデータを直接変更します。,入力リストがNULLの場合や、日付比較関数が正しく動作しない場合に注意が必要です。,この関数は、予約管理システムで予約を日付順に整理する際に使用されます。,予約リストを日付順に並べ替えるための関数です。
SortReservationsByDateScreen,この関数は、予約リストを日付順にソートするための画面を表示します。,予約リストが空でない場合、`SortReservationsByDate`関数を呼び出してリストをソートし、結果を表示します。,予約リストがNULLでない場合にのみソートを実行し、成功メッセージを表示します。,リストが空の場合はメッセージを表示し、リストが空でない場合はソートを実行して成功メッセージを表示します。,リストがNULLの場合、ソートは行われず、空のリストであることを通知するメッセージが表示されます。,この関数は、ユーザーが予約リストを日付順に整理したいときに使用されます。,予約リストを日付順にソートし、結果を表示する関数です。
ReservationManagementMenu,この関数は予約管理メニューを表示し、ユーザーの選択に応じた操作を実行します。,メニューを表示し、ユーザーの選択を受け取り、選択に応じて予約の追加、削除、表示、日付でのソートを行います。,ユーザーが1から5の選択肢を入力し、その選択に基づいて対応する予約管理操作を実行します。,1から4の選択肢はそれぞれ予約追加、削除、表示、ソートを行い、5はメニューを終了します。範囲外の選択はエラーメッセージを表示します。,無効な選択肢を入力した場合はエラーメッセージを表示し、再度選択を促します。,この関数は予約管理システムの一部として、ユーザーが予約を管理する際に使用されます。,予約管理メニューを表示し、ユーザーの選択に基づいて予約操作を実行する関数です。
