id,function,field,ref,gen,ref_tokens,gen_tokens,semantic_similarity,bleu,completeness,f1_score,sbc
F001,PauseProgram,trigger,ユーザーが前の処理を終え、メインメニューに戻るタイミングで実行される,ユーザーがEnterキーを押すことを促すメッセージが表示される。,ユーザー が 前 の 処理 を 終え 、 メイン メニュー に 戻る タイミング で 実行 さ れる,ユーザー が Enter キー を 押す こと を 促す メッセージ が 表示 さ れる 。,0.5572817921638489,0.036581212462211535,0.29411764705882354,0.33333333333333337,0.4526
F001,PauseProgram,action,Enterキーを押すようにユーザーに促し、その入力を待機する,ユーザーの入力を待機し、Enterキーが押されると次の処理に進む。,Enter キー を 押す よう に ユーザー に 促し 、 その 入力 を 待機 する,ユーザー の 入力 を 待機 し 、 Enter キー が 押さ れる と 次 の 処理 に 進む 。,0.8924110531806946,0.0712695567709093,0.6153846153846154,0.5161290322580646,0.7549
F001,PauseProgram,effect,ユーザーの任意のタイミングでメニューに戻れるようにする,プログラムが一時停止し、ユーザーがEnterキーを押すまで進行しない。,ユーザー の 任意 の タイミング で メニュー に 戻れる よう に する,プログラム が 一時 停止 し 、 ユーザー が Enter キー を 押す まで 進行 し ない 。,0.6440162062644958,0.011502783619900045,0.1,0.08,0.472
F001,PauseProgram,constraint,標準入力から1文字以上が入力されるまで次に進まない,Enterキー以外の入力に対するエラー処理は実装されていないため、意図した動作をしない可能性がある。,標準 入力 から 1 文字 以上 が 入力 さ れる まで 次に 進ま ない,Enter キー 以外 の 入力 に対する エラー 処理 は 実装 さ れ て い ない ため 、 意図 し た 動作 を し ない 可能 性 が ある 。,0.6299803853034973,0.009152541620698935,0.3076923076923077,0.2,0.5034
F002,ScreenHeader,trigger,画面をクリアし、操作画面に見出しを表示したいとき,コンソールアプリケーションで画面のヘッダーを表示する必要があるときに呼び出されます。,画面 を クリア し 、 操作 画面 に 見出し を 表示 し たい とき,コンソール アプリケーション で 画面 の ヘッダー を 表示 する 必要 が ある とき に 呼び出さ れ ます 。,0.706658124923706,0.02872495348091206,0.45454545454545453,0.3448275862068966,0.5884
F002,ScreenHeader,action,コンソール画面をクリアし、引数で与えられたタイトル文字列を目立つ枠で囲んで表示する,画面をクリアし、指定されたタイトルを装飾ラインで囲んで標準出力に表示します。,コンソール 画面 を クリア し 、 引数 で 与え られ た タイトル 文字 列 を 目立つ 枠 で 囲ん で 表示 する,画面 を クリア し 、 指定 さ れ た タイトル を 装飾 ライン で 囲ん で 標準 出力 に 表示 し ます 。,0.7793143391609192,0.23713320246552005,0.5263157894736842,0.5128205128205129,0.6745
F002,ScreenHeader,effect,画面に見出しが強調され、処理の開始や区切りが明確になる,標準出力にタイトルが装飾ラインと共に表示され、画面がクリアされます。,画面 に 見出し が 強調 さ れ 、 処理 の 開始 や 区切り が 明確 に なる,標準 出力 に タイトル が 装飾 ライン と共に 表示 さ れ 、 画面 が クリア さ れ ます 。,0.813544511795044,0.062284969540134474,0.4,0.38709677419354843,0.6557
F002,ScreenHeader,constraint,Windows環境で 'cls' コマンドが有効である必要がある,エラー処理は実装されておらず、`system(\,Windows 環境 で   ' cls '   コマンド が 有効 で ある 必要 が ある,エラー 処理 は 実装 さ れ て おら ず 、 ` system (\,0.5495550632476807,0.0,0.0,0.0,0.3847
F003,ReadIntBetween,trigger,ユーザーに特定の範囲内の整数入力を求めたいとき,ユーザーが整数を入力する必要があるときに関数が呼び出されます。,ユーザー に 特定 の 範囲 内 の 整数 入力 を 求め たい とき,ユーザー が 整数 を 入力 する 必要 が ある とき に 関数 が 呼び出さ れ ます 。,0.7720444798469543,0.018002829271425148,0.5,0.4444444444444445,0.6422
F003,ReadIntBetween,action,標準入力から整数値を読み取り、指定された範囲に収まるまで繰り返し再入力を求める,ユーザーに整数を入力させ、その整数が指定された範囲内に収まるまで再入力を促します。,標準 入力 から 整数 値 を 読み取り 、 指定 さ れ た 範囲 に 収まる まで 繰り返し 再 入力 を 求める,ユーザー に 整数 を 入力 さ せ 、 その 整数 が 指定 さ れ た 範囲 内 に 収まる まで 再 入力 を 促し ます 。,0.8438635468482971,0.2404817938984655,0.6842105263157895,0.6500000000000001,0.7516
F003,ReadIntBetween,effect,指定された範囲内の整数値のみを安全に取得できる,範囲内の整数が入力されると、その整数を返します。,指定 さ れ た 範囲 内 の 整数 値 のみ を 安全 に 取得 できる,範囲 内 の 整数 が 入力 さ れる と 、 その 整数 を 返し ます 。,0.5355511903762817,0.16943571815930883,0.4,0.4000000000000001,0.4718
F003,ReadIntBetween,constraint,ユーザーが不正な値を入力した場合はその都度再入力を促す,入力された整数が指定された範囲内に収まるまで、ユーザーに再入力を求め続けます。,ユーザー が 不正 な 値 を 入力 し た 場合 は その 都度 再 入力 を 促す,入力 さ れ た 整数 が 指定 さ れ た 範囲 内 に 収まる まで 、 ユーザー に 再 入力 を 求め 続け ます 。,0.833789050579071,0.046340057369294134,0.4,0.34285714285714286,0.6683
F004,ReadDate,trigger,日付の入力をユーザーに求める必要があるとき,ユーザーが日付を入力する必要があるときに関数が呼び出されます。,日付 の 入力 を ユーザー に 求める 必要 が ある とき,ユーザー が 日付 を 入力 する 必要 が ある とき に 関数 が 呼び出さ れ ます 。,0.8049712777137756,0.17534823156623092,0.8181818181818182,0.6923076923076923,0.7447
F004,ReadDate,action,指定されたメッセージを表示し、日・月・年の3つの数値を標準入力から取得して構造体に格納する,関数は指定されたメッセージを表示し、ユーザーから年、月、日を入力として受け取ります。,指定 さ れ た メッセージ を 表示 し 、 日 ・ 月 ・ 年 の 3 つ の 数値 を 標準 入力 から 取得 し て 構造 体 に 格納 する,関数 は 指定 さ れ た メッセージ を 表示 し 、 ユーザー から 年 、 月 、 日 を 入力 として 受け取り ます 。,0.7604479193687439,0.28845712954906627,0.5185185185185185,0.5833333333333334,0.6649
F004,ReadDate,effect,ユーザーが入力した日付情報を1つの構造体として取得できる,入力された日付情報をstDate構造体に格納して返します。,ユーザー が 入力 し た 日付 情報 を 1 つ の 構造 体 として 取得 できる,入力 さ れ た 日付 情報 を stDate 構造 体 に 格納 し て 返し ます 。,0.782774031162262,0.18295654224495206,0.5,0.48484848484848486,0.6662
F004,ReadDate,constraint,入力値の妥当性(日付の正しさ)はこの関数では検証されない,入力が不正な場合のエラーハンドリングは実装されていません。,入力 値 の 妥当 性 ( 日付 の 正し さ ) は この 関数 で は 検証 さ れ ない,入力 が 不正 な 場合 の エラー ハンドリング は 実装 さ れ て い ませ ん 。,0.6556941270828247,0.025639245965674077,0.29411764705882354,0.29411764705882354,0.5204
F005,ReadTime,trigger,ユーザーに時間(時・分)の入力を求める必要があるとき,ユーザーが時間を入力する必要があるときに関数が呼び出されます。,ユーザー に 時間 ( 時 ・ 分 ) の 入力 を 求める 必要 が ある とき,ユーザー が 時間 を 入力 する 必要 が ある とき に 関数 が 呼び出さ れ ます 。,0.8226521611213684,0.17534823156623092,0.5625,0.5806451612903225,0.7059
F005,ReadTime,action,指定されたメッセージを表示し、時刻(時・分)を標準入力から読み取って構造体に格納する,関数はメッセージを表示し、ユーザーから時と分を標準入力で取得します。,指定 さ れ た メッセージ を 表示 し 、 時刻 ( 時 ・ 分 ) を 標準 入力 から 読み取っ て 構造 体 に 格納 する,関数 は メッセージ を 表示 し 、 ユーザー から 時 と 分 を 標準 入力 で 取得 し ます 。,0.7065051794052124,0.19230646305118726,0.4,0.46511627906976744,0.5938
F005,ReadTime,effect,ユーザーが入力した時刻情報を1つの構造体として取得できる,取得した時と分がstTime構造体に格納され、関数から返されます。,ユーザー が 入力 し た 時刻 情報 を 1 つ の 構造 体 として 取得 できる,取得 し た 時 と 分 が stTime 構造 体 に 格納 さ れ 、 関数 から 返さ れ ます 。,0.647723913192749,0.030232667130855925,0.375,0.33333333333333326,0.5314
F005,ReadTime,constraint,時間の範囲(例:0〜23時など)の妥当性はこの関数内では検証されない,入力が不正な場合のエラーチェックは行われず、不正なデータがstTime構造体に格納される可能性があります。,時間 の 範囲 ( 例 : 0 〜 23 時 など ) の 妥当 性 は この 関数 内 で は 検証 さ れ ない,入力 が 不正 な 場合 の エラー チェック は 行わ れ ず 、 不正 な データ が stTime 構造 体 に 格納 さ れる 可能 性 が あり ます 。,0.4859665334224701,0.009337534921653758,0.21739130434782608,0.20408163265306123,0.3846
F006,IsDate1BeforeDate2,trigger,2つの日付の前後関係を比較したいとき,2つの日付を比較する必要があるときに関数が呼び出されます。,2 つ の 日付 の 前後 関係 を 比較 し たい とき,2 つ の 日付 を 比較 する 必要 が ある とき に 関数 が 呼び出さ れ ます 。,0.8731452822685242,0.16617429299578945,0.6363636363636364,0.5,0.7551
F006,IsDate1BeforeDate2,action,年・月・日の順に、Date1 が Date2 より前かどうかを比較する,関数は年、月、日の順に2つの日付を比較します。,年 ・ 月 ・ 日 の 順 に 、 Date 1   が   Date 2   より 前 か どう か を 比較 する,関数 は 年 、 月 、 日 の 順 に 2 つ の 日付 を 比較 し ます 。,0.7780101895332336,0.12487575251875122,0.5,0.5405405405405405,0.6571
F006,IsDate1BeforeDate2,effect,Date1 が Date2 より前なら true、そうでなければ false を返す,最初の日付が2番目の日付よりも前である場合にtrueを返します。,Date 1   が   Date 2   より 前 なら   true 、 そう で なけれ ば   false   を 返す,最初 の 日付 が 2 番目 の 日付 より も 前 で ある 場合 に true を 返し ます 。,0.6804853081703186,0.013481992522898105,0.4117647058823529,0.39999999999999997,0.56
F006,IsDate1BeforeDate2,constraint,日付の正当性(存在する日付かどうか)は前提として与えられている必要がある,入力データの妥当性は関数の外で確認する必要があります。,日付 の 正当 性 ( 存在 する 日付 か どう か ) は 前提 として 与え られ て いる 必要 が ある,入力 データ の 妥当 性 は 関数 の 外 で 確認 する 必要 が あり ます 。,0.710055410861969,0.023856519958101785,0.3,0.33333333333333326,0.5594
F007,IsTime1BeforeTime2,trigger,2つの時刻の前後関係を比較したいとき,Time1とTime2の時間を比較する必要があるときに関数が呼び出されます。,2 つ の 時刻 の 前後 関係 を 比較 し たい とき,Time 1 と Time 2 の 時間 を 比較 する 必要 が ある とき に 関数 が 呼び出さ れ ます 。,0.7449662089347839,0.024289783953423513,0.45454545454545453,0.3333333333333333,0.6148
F007,IsTime1BeforeTime2,action,時・分の順に、Time1 が Time2 より前かどうかを比較する,Time1の時間と分をTime2と比較して、Time1がTime2よりも前かどうかを判定します。,時 ・ 分の 順 に 、 Time 1   が   Time 2   より 前 か どう か を 比較 する,Time 1 の 時間 と 分 を Time 2 と 比較 し て 、 Time 1 が Time 2 より も 前 か どう か を 判定 し ます 。,0.8638293147087097,0.18239905452001884,0.6111111111111112,0.5641025641025642,0.7451
F007,IsTime1BeforeTime2,effect,Time1 が Time2 より前なら true、そうでなければ false を返す,Time1がTime2よりも前の場合にtrueを返し、そうでない場合はfalseを返します。,Time 1   が   Time 2   より 前 なら   true 、 そう で なけれ ば   false   を 返す,Time 1 が Time 2 より も 前 の 場合 に true を 返し 、 そう で ない 場合 は false を 返し ます 。,0.812600314617157,0.06433175422776263,0.7058823529411765,0.6315789473684211,0.7164
F007,IsTime1BeforeTime2,constraint,時刻が有効な値として与えられている前提で処理される(例:24時60分などの検証は行わない),入力データの整合性は事前に確認されている必要があります。,時刻 が 有効 な 値 として 与え られ て いる 前提 で 処理 さ れる ( 例 : 24 時 60 分 など の 検証 は 行わ ない ),入力 データ の 整合 性 は 事前 に 確認 さ れ て いる 必要 が あり ます 。,0.5493056178092957,0.016317456445879727,0.20689655172413793,0.2553191489361702,0.4275
F008,ExitScreen,trigger,プログラムの終了時にメッセージを表示したいとき,プログラムの終了時に呼び出されます。,プログラム の 終了 時 に メッセージ を 表示 し たい とき,プログラム の 終了 時 に 呼び出さ れ ます 。,0.8267409205436707,0.3573880113629119,0.45454545454545453,0.5,0.7054
F008,ExitScreen,action,画面をクリアし、プロジェクト完了のメッセージと作成者情報を装飾付きで表示する,画面をクリアし、終了メッセージと作成者情報を表示します。,画面 を クリア し 、 プロジェクト 完了 の メッセージ と 作成 者 情報 を 装飾 付き で 表示 する,画面 を クリア し 、 終了 メッセージ と 作成 者 情報 を 表示 し ます 。,0.8543394804000854,0.4496473903155594,0.6111111111111112,0.6875000000000001,0.7652
F008,ExitScreen,effect,ユーザーにプログラムが正常に終了したことと開発者情報が伝わる,ユーザーにプロジェクトの完了を知らせるメッセージが表示されます。,ユーザー に プログラム が 正常 に 終了 し た こと と 開発 者 情報 が 伝わる,ユーザー に プロジェクト の 完了 を 知らせる メッセージ が 表示 さ れ ます 。,0.8329553604125977,0.028978567626063368,0.21428571428571427,0.21428571428571427,0.6288
F008,ExitScreen,constraint,表示内容は固定で、動的な変更はできない,エラー処理は含まれておらず、`system(\,表示 内容 は 固定 で 、 動的 な 変更 は でき ない,エラー 処理 は 含ま れ て おら ず 、 ` system (\,0.5734660029411316,0.020255986027125642,0.18181818181818182,0.17391304347826086,0.4398
F009,MainMenu,trigger,プログラム起動時に主要な操作をユーザーに選ばせたいとき,ユーザーがメインメニューを開いたときにトリガーされます。,プログラム 起動 時 に 主要 な 操作 を ユーザー に 選ば せ たい とき,ユーザー が メイン メニュー を 開い た とき に トリガー さ れ ます 。,0.6299113631248474,0.020200106912694155,0.3076923076923077,0.29629629629629634,0.5045
F009,MainMenu,action,ユーザー・会議室・予約管理の各サブメニューを選択肢として表示し、対応する処理に遷移させる,ユーザーにメインメニューを表示し、選択を受け取ります。,ユーザー ・ 会議 室 ・ 予約 管理 の 各 サブ メニュー を 選択肢 として 表示 し 、 対応 する 処理 に 遷移 さ せる,ユーザー に メイン メニュー を 表示 し 、 選択 を 受け取り ます 。,0.746824324131012,0.04512794491284685,0.30434782608695654,0.4,0.5882
F009,MainMenu,effect,ユーザーはメニューから目的の管理操作に移動できる,ユーザーの選択に基づいて、対応する管理メニューを呼び出すか、プログラムを終了します。,ユーザー は メニュー から 目的 の 管理 操作 に 移動 できる,ユーザー の 選択 に 基づい て 、 対応 する 管理 メニュー を 呼び出す か 、 プログラム を 終了 し ます 。,0.7687845230102539,0.013659149296955463,0.45454545454545453,0.3333333333333333,0.6304
F009,MainMenu,constraint,有効な選択肢(1〜4)以外を入力した場合は再入力が求められる,選択が1〜4の範囲外の場合はエラーメッセージを表示し、再度選択を促します。,有効 な 選択肢 ( 1 〜 4 ) 以外 を 入力 し た 場合 は 再 入力 が 求め られる,選択 が 1 〜 4 の 範囲 外 の 場合 は エラーメッセージ を 表示 し 、 再度 選択 を 促し ます 。,0.8377413749694824,0.060805997510382785,0.42105263157894735,0.42105263157894735,0.6767
F010,main,trigger,プログラムが実行されたとき(エントリーポイント),プログラムの開始時にこの関数が呼び出されます。,プログラム が 実行 さ れ た とき ( エントリー ポイント ),プログラム の 開始 時 に この 関数 が 呼び出さ れ ます 。,0.626340925693512,0.022416933501922302,0.2727272727272727,0.2608695652173913,0.4952
F010,main,action,メインメニュー関数 MainMenu を呼び出し、ユーザーの操作を受け付ける,MainMenu関数を実行します。,メイン メニュー 関数   MainMenu   を 呼び出し 、 ユーザー の 操作 を 受け付ける,MainMenu 関数 を 実行 し ます 。,0.5427468419075012,0.01599248714366856,0.25,0.3157894736842105,0.4315
F010,main,effect,ユーザーによる管理操作ができる状態でプログラムが起動する,プログラムは正常終了を示す終了コード0を返します。,ユーザー による 管理 操作 が できる 状態 で プログラム が 起動 する,プログラム は 正常 終了 を 示す 終了 コード 0 を 返し ます 。,0.5229352116584778,0.01553712569276035,0.09090909090909091,0.09090909090909091,0.3858
F010,main,constraint,メニュー終了後に正常終了コード(0)を返すだけで他の処理は行わない,この関数自体はエラー処理を行わず、MainMenu関数内でのエラー処理が必要です。,メニュー 終了 後 に 正常 終了 コード ( 0 ) を 返す だけ で 他 の 処理 は 行わ ない,この 関数 自体 は エラー 処理 を 行わ ず 、 MainMenu 関数 内 で の エラー 処理 が 必要 です 。,0.6182462573051453,0.014296145628396562,0.3157894736842105,0.3243243243243243,0.4974
F011,DisplayUserCard,trigger,ユーザー情報を画面に表示したいとき,ユーザー情報を確認したいときやログに記録したいときに関数が呼び出されます。,ユーザー 情報 を 画面 に 表示 し たい とき,ユーザー 情報 を 確認 し たい とき や ログ に 記録 し たい とき に 関数 が 呼び出さ れ ます 。,0.5868017077445984,0.07901838653468335,0.7777777777777778,0.5384615384615384,0.5742
F011,DisplayUserCard,action,指定されたユーザー構造体からID・氏名情報を取り出し、整形して出力する,ユーザー構造体のポインタを受け取り、そのID、名前、姓をprintf関数を用いて出力します。,指定 さ れ た ユーザー 構造 体 から ID ・ 氏名 情報 を 取り出し 、 整形 し て 出力 する,ユーザー 構造 体 の ポインタ を 受け取り 、 その ID 、 名前 、 姓 を printf 関数 を 用い て 出力 し ます 。,0.8352568745613098,0.05704212259993483,0.45,0.45,0.6804
F011,DisplayUserCard,effect,個別ユーザーの基本情報がコンソール上に見やすく表示される,ユーザー情報がID、名前、姓の順に一貫したフォーマットでコンソールに表示されます。,個別 ユーザー の 基本 情報 が コンソール 上 に 見やすく 表示 さ れる,ユーザー 情報 が ID 、 名前 、 姓 の 順 に 一貫 し た フォーマット で コンソール に 表示 さ れ ます 。,0.7480592131614685,0.02945642544824925,0.6153846153846154,0.47058823529411764,0.6497
F011,DisplayUserCard,constraint,引数として有効なユーザー情報が与えられている必要がある(NULLチェックなし),ユーザーポインタがNULLの場合、未定義の動作が発生する可能性があります。,引数 として 有効 な ユーザー 情報 が 与え られ て いる 必要 が ある ( NULL チェック なし ),ユーザー ポインタ が NULL の 場合 、 未 定義 の 動作 が 発生 する 可能 性 が あり ます 。,0.686400830745697,0.013618796864073041,0.16666666666666666,0.17142857142857143,0.5152
F012,ReadUserInfo,trigger,新しいユーザー情報を登録するために、ID・名前をユーザーから取得したいとき,ユーザーがユーザー情報の入力を求められる。,新しい ユーザー 情報 を 登録 する ため に 、 ID ・ 名前 を ユーザー から 取得 し たい とき,ユーザー が ユーザー 情報 の 入力 を 求め られる 。,0.7241708040237427,0.021579547313939608,0.17647058823529413,0.23076923076923078,0.5444
F012,ReadUserInfo,action,標準入力からユーザーのID・名・姓を受け取り、構造体に格納する,ユーザーがID、名前、苗字を入力し、それらがUserPtr構造体に格納される。,標準 入力 から ユーザー の ID ・ 名 ・ 姓 を 受け取り 、 構造 体 に 格納 する,ユーザー が ID 、 名前 、 苗字 を 入力 し 、 それら が UserPtr 構造 体 に 格納 さ れる 。,0.7735596895217896,0.13924499401499874,0.5294117647058824,0.5142857142857143,0.6613
F012,ReadUserInfo,effect,ユーザー情報構造体が適切に初期化・設定され、後続処理で使用可能となる,入力されたユーザー情報が構造体に保存され、NextポインタがNULLに設定される。,ユーザー 情報 構造 体 が 適切 に 初期 化 ・ 設定 さ れ 、 後続 処理 で 使用 可能 と なる,入力 さ れ た ユーザー 情報 が 構造 体 に 保存 さ れ 、 Next ポインタ が NULL に 設定 さ れる 。,0.8151306509971619,0.06964541799727335,0.47619047619047616,0.5128205128205129,0.6728
F012,ReadUserInfo,constraint,構造体のメモリ確保は呼び出し元で事前に行われている前提,IDは0から9999の範囲でなければならず、名前の入力でバッファオーバーフローが発生しないようにする必要がある。,構造 体 の メモリ 確保 は 呼び出し 元 で 事前 に 行わ れ て いる 前提,ID は 0 から 9999 の 範囲 で なけれ ば なら ず 、 名前 の 入力 で バッファオーバーフロー が 発生 し ない よう に する 必要 が ある 。,0.706081748008728,0.009152541620698935,0.25,0.1904761904761905,0.5452
F013,SearchUserByFirstName,trigger,ユーザー一覧から、指定した名(First Name)で一致するユーザーを検索したいとき,ユーザーリストから特定の名前を持つユーザーを検索する要求が発生したとき。,ユーザー 一覧 から 、 指定 し た 名 ( First   Name ) で 一致 する ユーザー を 検索 し たい とき,ユーザー リスト から 特定 の 名前 を 持つ ユーザー を 検索 する 要求 が 発生 し た とき 。,0.8083760738372803,0.06267861272299478,0.4,0.4324324324324324,0.6521
F013,SearchUserByFirstName,action,線形リストを先頭から走査し、名が一致するユーザーが見つかればその情報を表示し、フラグを true に設定する,ユーザーリストを線形に探索し、指定された名前と一致するユーザーを見つける。,線形 リスト を 先頭 から 走査 し 、 名 が 一致 する ユーザー が 見つかれ ば その 情報 を 表示 し 、 フラグ を   true   に 設定 する,ユーザー リスト を 線形 に 探索 し 、 指定 さ れ た 名前 と 一致 する ユーザー を 見つける 。,0.7622427344322205,0.04645061850138481,0.391304347826087,0.4390243902439025,0.6165
F013,SearchUserByFirstName,effect,指定された名前に一致するユーザーの情報が表示され、検索結果の有無が呼び出し元で判定できる,一致するユーザーが見つかった場合、その情報を表示し、フラグをtrueに設定する。,指定 さ れ た 名前 に 一致 する ユーザー の 情報 が 表示 さ れ 、 検索 結果 の 有無 が 呼び出し 元 で 判定 できる,一致 する ユーザー が 見つかっ た 場合 、 その 情報 を 表示 し 、 フラグ を true に 設定 する 。,0.7579460144042969,0.0468916839404434,0.4090909090909091,0.45,0.6171
F013,SearchUserByFirstName,constraint,一致するユーザーが複数いても全件表示され、部分一致には対応していない,NULLポインタや不正な入力に対するエラー処理は行われず、呼び出し元で対処する必要がある。,一致 する ユーザー が 複数 い て も 全 件 表示 さ れ 、 部分 一致 に は 対応 し て い ない,NULL ポインタ や 不正 な 入力 に対する エラー 処理 は 行わ れ ず 、 呼び出し 元 で 対処 する 必要 が ある 。,0.7174248099327087,0.012384901282810543,0.25,0.23255813953488372,0.5534
F014,SearchUserByID,trigger,ユーザーIDを指定して該当ユーザーを検索したいとき,ユーザーリストと検索したいユーザーIDが関数に渡されたとき。,ユーザー ID を 指定 し て 該当 ユーザー を 検索 し たい とき,ユーザー リスト と 検索 し たい ユーザー ID が 関数 に 渡さ れ た とき 。,0.7914574146270752,0.08326915667169545,0.6,0.48,0.6823
F014,SearchUserByID,action,ユーザーリストを先頭から順に走査し、IDが一致するユーザー構造体を見つけて返す,リストの先頭から順に各ユーザーのIDを比較する。,ユーザー リスト を 先頭 から 順に 走査 し 、 ID が 一致 する ユーザー 構造 体 を 見つけ て 返す,リスト の 先頭 から 順に 各 ユーザー の ID を 比較 する 。,0.7477249503135681,0.05735216276640982,0.4444444444444444,0.5333333333333333,0.618
F014,SearchUserByID,effect,一致するユーザーが存在すればその情報を取得でき、存在しない場合は NULL が返る,一致するユーザーが見つかればそのユーザーへのポインタを返し、見つからなければNULLを返す。,一致 する ユーザー が 存在 すれ ば その 情報 を 取得 でき 、 存在 し ない 場合 は   NULL   が 返る,一致 する ユーザー が 見つかれ ば その ユーザー へ の ポインタ を 返し 、 見つから なけれ ば NULL を 返す 。,0.8002667427062988,0.13603570001688142,0.45,0.4736842105263158,0.6638
F014,SearchUserByID,constraint,ユーザーリストが空または一致しない場合は NULL を扱う前提で呼び出す必要がある,ユーザーリストがNULLの場合やIDが見つからない場合はNULLを返す。,ユーザー リスト が 空 または 一致 し ない 場合 は   NULL   を 扱う 前提 で 呼び出す 必要 が ある,ユーザー リスト が NULL の 場合 や ID が 見つから ない 場合 は NULL を 返す 。,0.7244915962219238,0.08374312004272613,0.42105263157894735,0.48484848484848486,0.5997
F015,AddNewUser,trigger,ユーザーリストに新しいユーザーを末尾に追加したいとき,新しいユーザーをユーザーリストに追加する必要があるときに関数が呼び出されます。,ユーザー リスト に 新しい ユーザー を 末尾 に 追加 し たい とき,新しい ユーザー を ユーザー リスト に 追加 する 必要 が ある とき に 関数 が 呼び出さ れ ます 。,0.8030238151550293,0.09917720727091445,0.7,0.5384615384615384,0.712
F015,AddNewUser,action,リストが空ならそのまま新規ノードを返し、空でない場合は末尾に新しいユーザーを連結する,ユーザーリストの末尾に新しいユーザーを追加します。,リスト が 空 なら そのまま 新規 ノード を 返し 、 空 で ない 場合 は 末尾 に 新しい ユーザー を 連結 する,ユーザー リスト の 末尾 に 新しい ユーザー を 追加 し ます 。,0.7709815502166748,0.14420304949637963,0.3,0.3870967741935483,0.6141
F015,AddNewUser,effect,ユーザーリストが新しいユーザーを含んだ状態に更新される,ユーザーリストが更新され、新しいユーザーがリストに含まれるようになります。,ユーザー リスト が 新しい ユーザー を 含ん だ 状態 に 更新 さ れる,ユーザー リスト が 更新 さ れ 、 新しい ユーザー が リスト に 含ま れる よう に なり ます 。,0.8419733047485352,0.07887272990342095,0.6666666666666666,0.5925925925925926,0.7306
F015,AddNewUser,constraint,NewUser の構造体は事前に初期化・確保されている必要がある,ユーザーリストや新しいユーザーがNULLでないことを確認し、NULLチェックを行うことでエラーを回避します。,NewUser   の 構造 体 は 事前 に 初期 化 ・ 確保 さ れ て いる 必要 が ある,ユーザー リスト や 新しい ユーザー が NULL で ない こと を 確認 し 、 NULL チェック を 行う こと で エラー を 回避 し ます 。,0.5695807337760925,0.0072658577559704465,0.05263157894736842,0.05263157894736842,0.41
F016,DeleteUserByID,trigger,ユーザーIDを指定して対象ユーザーをリストから削除したいとき,指定されたIDを持つユーザーを削除する要求が発生したとき。,ユーザー ID を 指定 し て 対象 ユーザー を リスト から 削除 し たい とき,指定 さ れ た ID を 持つ ユーザー を 削除 する 要求 が 発生 し た とき 。,0.791607677936554,0.038419068302517345,0.5833333333333334,0.5,0.6746
F016,DeleteUserByID,action,リストを順に走査し、IDが一致するノードを見つけてリンクを切り、メモリを解放する,リンクリストを線形探索して、指定されたIDを持つノードを見つけて削除する。,リスト を 順に 走査 し 、 ID が 一致 する ノード を 見つけ て リンク を 切り 、 メモリ を 解放 する,リンクリスト を 線形 探索 し て 、 指定 さ れ た ID を 持つ ノード を 見つけ て 削除 する 。,0.7977450489997864,0.13631331322532034,0.47058823529411764,0.45714285714285713,0.6662
F016,DeleteUserByID,effect,指定したユーザーがリストから削除され、新たなリストが返される,指定されたIDを持つユーザーがリストから削除され、メモリが解放される。,指定 し た ユーザー が リスト から 削除 さ れ 、 新た な リスト が 返さ れる,指定 さ れ た ID を 持つ ユーザー が リスト から 削除 さ れ 、 メモリ が 解放 さ れる 。,0.7924070954322815,0.3639412530979476,0.7333333333333333,0.6875,0.7377
F016,DeleteUserByID,constraint,削除対象のユーザーが存在しない場合の動作は undefined であり、事前確認が推奨される,削除対象のユーザーが見つからない場合はリストに変更がなく、メモリ解放時にNULLポインタを渡さないようにする。,削除 対象 の ユーザー が 存在 し ない 場合 の 動作 は   undefined   で あり 、 事前 確認 が 推奨 さ れる,削除 対象 の ユーザー が 見つから ない 場合 は リスト に 変更 が なく 、 メモリ 解放 時 に NULL ポインタ を 渡さ ない よう に する 。,0.8583031892776489,0.157188773630212,0.42857142857142855,0.39999999999999997,0.7022
F017,AddNewUserScreen,trigger,ユーザー追加メニューを表示し、ユーザーの登録処理を開始したとき,新しいユーザーをユーザーリストに追加するための画面が表示されるとき。,ユーザー 追加 メニュー を 表示 し 、 ユーザー の 登録 処理 を 開始 し た とき,新しい ユーザー を ユーザー リスト に 追加 する ため の 画面 が 表示 さ れる とき 。,0.566540002822876,0.018710158230410626,0.46153846153846156,0.41379310344827586,0.4908
F017,AddNewUserScreen,action,ユーザー情報を入力・構造体に格納し、既存IDと重複しないかを確認してからリストに追加する,ユーザー情報を読み込み、ユーザーIDが既存のリストに存在しない場合に新しいユーザーをリストに追加する。,ユーザー 情報 を 入力 ・ 構造 体 に 格納 し 、 既存 ID と 重複 し ない か を 確認 し て から リスト に 追加 する,ユーザー 情報 を 読み込み 、 ユーザー ID が 既存 の リスト に 存在 し ない 場合 に 新しい ユーザー を リスト に 追加 する 。,0.757137656211853,0.15668633954777558,0.5217391304347826,0.5714285714285715,0.65
F017,AddNewUserScreen,effect,新しいユーザーが登録されるか、重複している場合は警告が表示される,ユーザーが正常に追加された場合は成功メッセージが表示され、既に存在する場合は警告メッセージが表示される。,新しい ユーザー が 登録 さ れる か 、 重複 し て いる 場合 は 警告 が 表示 さ れる,ユーザー が 正常 に 追加 さ れ た 場合 は 成功 メッセージ が 表示 さ れ 、 既に 存在 する 場合 は 警告 メッセージ が 表示 さ れる 。,0.7512471079826355,0.13651897290525358,0.5625,0.5,0.652
F017,AddNewUserScreen,constraint,標準入力から取得したIDが既に存在していた場合は追加せず、同じ画面内で完結する,ユーザーIDが既存のリストに存在しない場合にのみ、新しいユーザーをリストに追加する。,標準 入力 から 取得 し た ID が 既に 存在 し て い た 場合 は 追加 せ ず 、 同じ 画面 内 で 完結 する,ユーザー ID が 既存 の リスト に 存在 し ない 場合 に のみ 、 新しい ユーザー を リスト に 追加 する 。,0.7460680603981018,0.025760896310068133,0.3333333333333333,0.380952380952381,0.5915
F018,SearchUserByFirstNameScreen,trigger,ユーザーの名(First Name)による検索画面を表示したとき,ユーザーが名前の入力を求められたとき。,ユーザー の 名 ( First   Name ) による 検索 画面 を 表示 し た とき,ユーザー が 名前 の 入力 を 求め られ た とき 。,0.6410278081893921,0.03181666263684492,0.3125,0.3703703703703703,0.5144
F018,SearchUserByFirstNameScreen,action,ユーザーに名を入力させ、その名に一致するユーザー情報を検索・表示する,入力された名前でユーザーリストを検索する。,ユーザー に 名 を 入力 さ せ 、 その 名 に 一致 する ユーザー 情報 を 検索 ・ 表示 する,入力 さ れ た 名前 で ユーザー リスト を 検索 する 。,0.7707298994064331,0.02894419975432896,0.4,0.4444444444444445,0.6224
F018,SearchUserByFirstNameScreen,effect,該当ユーザーがいれば情報が表示され、いなければ『User not Found』が表示される,指定された名前のユーザーが見つからない場合に「User not Found!」と表示する。,該当 ユーザー が いれ ば 情報 が 表示 さ れ 、 い なけれ ば 『 User   not   Found 』 が 表示 さ れる,指定 さ れ た 名前 の ユーザー が 見つから ない 場合 に 「 User   not   Found !」 と 表示 する 。,0.7999135851860046,0.18597772713636523,0.47368421052631576,0.43902439024390244,0.6733
F018,SearchUserByFirstNameScreen,constraint,完全一致で検索され、部分一致や大文字小文字の違いには対応していない,入力エラーや検索エラーに対する具体的な対処は行わない。,完全 一致 で 検索 さ れ 、 部分 一致 や 大文字 小文字 の 違い に は 対応 し て い ない,入力 エラー や 検索 エラー に対する 具体 的 な 対処 は 行わ ない 。,0.7218257188796997,0.012251984172022112,0.2,0.24242424242424246,0.5465
F019,SearchUserByIDScreen,trigger,ユーザーIDによる検索を行う画面が呼び出されたとき,ユーザーがIDを入力する。,ユーザー ID による 検索 を 行う 画面 が 呼び出さ れ た とき,ユーザー が ID を 入力 する 。,0.5520042181015015,0.02286835008591421,0.3333333333333333,0.4210526315789474,0.4554
F019,SearchUserByIDScreen,action,IDを入力させてリストから一致するユーザーを検索し、結果を表示する,入力されたIDを用いてユーザーリストからユーザーを検索する。,ID を 入力 さ せ て リスト から 一致 する ユーザー を 検索 し 、 結果 を 表示 する,入力 さ れ た ID を 用い て ユーザー リスト から ユーザー を 検索 する 。,0.7837496995925903,0.08781926532760423,0.625,0.6666666666666666,0.6824
F019,SearchUserByIDScreen,effect,該当するユーザーが存在すれば情報が表示され、存在しなければ『User not Found』と表示される,該当するユーザーが見つかればその情報を表示し、見つからなければエラーメッセージを表示する。,該当 する ユーザー が 存在 すれ ば 情報 が 表示 さ れ 、 存在 し なけれ ば 『 User   not   Found 』 と 表示 さ れる,該当 する ユーザー が 見つかれ ば その 情報 を 表示 し 、 見つから なけれ ば エラーメッセージ を 表示 する 。,0.8746587634086609,0.11362496428576492,0.45454545454545453,0.5263157894736842,0.7145
F019,SearchUserByIDScreen,constraint,入力IDは 0〜9999 の範囲に限定され、それ以外は再入力が求められる,IDは0から9999の範囲で入力されなければならない。,入力 ID は   0 〜 9999   の 範囲 に 限定 さ れ 、 それ 以外 は 再 入力 が 求め られる,ID は 0 から 9999 の 範囲 で 入力 さ れ なけれ ば なら ない 。,0.6706429123878479,0.03219337050391312,0.45,0.5,0.5627
F020,DisplayUserListScreen,trigger,登録済みユーザーの一覧を確認したいとき,ユーザーリストを画面に表示する必要があるときに関数が呼び出されます。,登録 済み ユーザー の 一覧 を 確認 し たい とき,ユーザー リスト を 画面 に 表示 する 必要 が ある とき に 関数 が 呼び出さ れ ます 。,0.5848656892776489,0.014216645907653848,0.3,0.23076923076923075,0.4708
F020,DisplayUserListScreen,action,ユーザーリストを先頭から順に走査し、各ユーザー情報を番号付きで表示する,ユーザーリストがNULLかどうかを確認し、NULLの場合は'List is empty!'と表示し、そうでない場合は各ユーザーを順に表示します。,ユーザー リスト を 先頭 から 順に 走査 し 、 各 ユーザー 情報 を 番号 付き で 表示 する,ユーザー リスト が NULL か どう か を 確認 し 、 NULL の 場合 は ' List   is   empty !' と 表示 し 、 そう で ない 場合 は 各 ユーザー を 順に 表示 し ます 。,0.65474933385849,0.020220429578874006,0.5625,0.40909090909090917,0.5728
F020,DisplayUserListScreen,effect,ユーザーが現在登録されている全データを把握できる,ユーザーリストが空である場合はその旨が表示され、リストが空でない場合は各ユーザーが画面に表示されます。,ユーザー が 現在 登録 さ れ て いる 全 データ を 把握 できる,ユーザー リスト が 空 で ある 場合 は その 旨 が 表示 さ れ 、 リスト が 空 で ない 場合 は 各 ユーザー が 画面 に 表示 さ れ ます 。,0.512794554233551,0.017448767890681335,0.3076923076923077,0.24242424242424246,0.4222
F020,DisplayUserListScreen,constraint,リストが空の場合は『List is empty!』と表示され、何も表示されない状態は避けられる,ユーザーリストがNULLの場合は'List is empty!'と表示され、ユーザーが表示された後にプログラムが一時停止します。,リスト が 空 の 場合 は 『 List   is   empty !』 と 表示 さ れ 、 何 も 表示 さ れ ない 状態 は 避け られる,ユーザー リスト が NULL の 場合 は ' List   is   empty !' と 表示 さ れ 、 ユーザー が 表示 さ れ た 後 に プログラム が 一時 停止 し ます 。,0.7593255043029785,0.2863949307915334,0.6086956521739131,0.5599999999999999,0.6819
F021,DeleteUserScreen,trigger,ユーザーを削除するための画面が開かれたとき,ユーザーが削除したいユーザーのIDを入力する。,ユーザー を 削除 する ため の 画面 が 開か れ た とき,ユーザー が 削除 し たい ユーザー の ID を 入力 する 。,0.6732154488563538,0.026658376817028866,0.5,0.5217391304347826,0.5739
F021,DeleteUserScreen,action,指定されたIDのユーザーを検索して表示し、確認後に削除処理を実行する,入力されたIDに基づいてユーザーを検索し、存在する場合は削除の確認を行う。,指定 さ れ た ID の ユーザー を 検索 し て 表示 し 、 確認 後 に 削除 処理 を 実行 する,入力 さ れ た ID に 基づい て ユーザー を 検索 し 、 存在 する 場合 は 削除 の 確認 を 行う 。,0.8591195344924927,0.254816209206472,0.75,0.7142857142857143,0.7769
F021,DeleteUserScreen,effect,ユーザーが一覧から削除され、メモリも解放される,ユーザーが削除を承認した場合、指定されたIDのユーザーがユーザーリストから削除される。,ユーザー が 一覧 から 削除 さ れ 、 メモリ も 解放 さ れる,ユーザー が 削除 を 承認 し た 場合 、 指定 さ れ た ID の ユーザー が ユーザー リスト から 削除 さ れる 。,0.732236921787262,0.06481236440245941,0.6666666666666666,0.5333333333333333,0.6524
F021,DeleteUserScreen,constraint,削除は確認プロンプト(y/n)によってのみ実行され、対象が存在しない場合は警告が表示される,入力されたIDのユーザーが存在しない場合、エラーメッセージが表示され、削除は行われない。,削除 は 確認 プロンプト ( y / n ) によって のみ 実行 さ れ 、 対象 が 存在 し ない 場合 は 警告 が 表示 さ れる,入力 さ れ た ID の ユーザー が 存在 し ない 場合 、 エラーメッセージ が 表示 さ れ 、 削除 は 行わ れ ない 。,0.7903907895088196,0.2299998035527114,0.4583333333333333,0.5116279069767442,0.6679
F022,UserManagementMenu,trigger,ユーザー管理メニューを開いたとき,ユーザーがユーザー管理メニューを開くとき。,ユーザー 管理 メニュー を 開い た とき,ユーザー が ユーザー 管理 メニュー を 開く とき 。,0.9609224796295166,0.3155984539112945,0.7142857142857143,0.6666666666666666,0.8471
F022,UserManagementMenu,action,ユーザーの追加・検索・表示・削除のいずれかを選択し、該当する画面遷移処理を実行する,ユーザーがメニューから1から6の選択肢を入力する。,ユーザー の 追加 ・ 検索 ・ 表示 ・ 削除 の いずれ か を 選択 し 、 該当 する 画面 遷移 処理 を 実行 する,ユーザー が メニュー から 1 から 6 の 選択肢 を 入力 する 。,0.7405790090560913,0.009427699487556784,0.21052631578947367,0.2580645161290323,0.5615
F022,UserManagementMenu,effect,ユーザーに関する各種操作を統合的に実行できるインターフェースが提供される,選択された操作に応じてユーザーの追加、検索、表示、削除が行われるか、メニューが終了する。,ユーザー に関する 各種 操作 を 統合 的 に 実行 できる インターフェース が 提供 さ れる,選択 さ れ た 操作 に 応じ て ユーザー の 追加 、 検索 、 表示 、 削除 が 行わ れる か 、 メニュー が 終了 する 。,0.6437382698059082,0.010924856017658639,0.4,0.31578947368421056,0.5317
F022,UserManagementMenu,constraint,選択肢は 1〜6 に限定され、無効な入力に対してはエラー表示と再入力が求められる,ユーザーの入力が1から6の範囲外の場合、エラーメッセージが表示される。,選択肢 は   1 〜 6   に 限定 さ れ 、 無効 な 入力 に対して は エラー 表示 と 再 入力 が 求め られる,ユーザー の 入力 が 1 から 6 の 範囲 外 の 場合 、 エラーメッセージ が 表示 さ れる 。,0.687835693359375,0.02147732216048579,0.3181818181818182,0.3684210526315789,0.5473
F023,DisplayRoomCard,trigger,部屋情報を画面に表示する必要があるとき,部屋の情報を表示する必要があるときに関数が呼び出されます。,部屋 情報 を 画面 に 表示 する 必要 が ある とき,部屋 の 情報 を 表示 する 必要 が ある とき に 関数 が 呼び出さ れ ます 。,0.5754207372665405,0.33507040795147514,0.9090909090909091,0.7407407407407406,0.6181
F023,DisplayRoomCard,action,指定された部屋構造体の内容(ID・名前・予約状況と日時)を整形して出力する,指定された部屋のID、名前、予約状況、および予約されている場合はその日時をprintf関数で出力します。,指定 さ れ た 部屋 構造 体 の 内容 ( ID ・ 名前 ・ 予約 状況 と 日時 ) を 整形 し て 出力 する,指定 さ れ た 部屋 の ID 、 名前 、 予約 状況 、 および 予約 さ れ て いる 場合 は その 日時 を printf 関数 で 出力 し ます 。,0.8412455916404724,0.1562404150564173,0.625,0.6,0.7295
F023,DisplayRoomCard,effect,予約状況を含む部屋の詳細情報が視覚的にわかりやすく表示される,部屋の詳細情報がフォーマットされてコンソールに表示されます。,予約 状況 を 含む 部屋 の 詳細 情報 が 視覚 的 に わかり やすく 表示 さ れる,部屋 の 詳細 情報 が フォーマット さ れ て コンソール に 表示 さ れ ます 。,0.853201687335968,0.25576360687094823,0.47058823529411764,0.5161290322580646,0.7169
F023,DisplayRoomCard,constraint,予約状態によって表示内容が分岐し、未予約時は日時情報を表示しない,NULLポインタが渡された場合に未定義の動作を引き起こす可能性があります。,予約 状態 によって 表示 内容 が 分岐 し 、 未 予約 時 は 日時 情報 を 表示 し ない,NULL ポインタ が 渡さ れ た 場合 に 未 定義 の 動作 を 引き起こす 可能 性 が あり ます 。,0.6247987151145935,0.012673718536830811,0.1875,0.17142857142857143,0.4761
F024,ReadRoomInfo,trigger,新しい部屋の情報を入力する処理が呼び出されたとき,ユーザーが部屋情報の入力を求められたとき。,新しい 部屋 の 情報 を 入力 する 処理 が 呼び出さ れ た とき,ユーザー が 部屋 情報 の 入力 を 求め られ た とき 。,0.8074046969413757,0.04686808185675222,0.6153846153846154,0.64,0.6929
F024,ReadRoomInfo,action,部屋IDと名前を標準入力から取得し、予約状態を初期化して構造体に格納する,ユーザーから部屋のIDと名前を入力し、構造体の対応するフィールドに格納する。,部屋 ID と 名前 を 標準 入力 から 取得 し 、 予約 状態 を 初期 化 し て 構造 体 に 格納 する,ユーザー から 部屋 の ID と 名前 を 入力 し 、 構造 体 の 対応 する フィールド に 格納 する 。,0.7748173475265503,0.19337779517856882,0.6666666666666666,0.7,0.695
F024,ReadRoomInfo,effect,新しい部屋情報が正しく初期化された状態で生成される,部屋の予約状態が初期化され、次の部屋へのポインタがNULLに設定される。,新しい 部屋 情報 が 正しく 初期 化 さ れ た 状態 で 生成 さ れる,部屋 の 予約 状態 が 初期 化 さ れ 、 次 の 部屋 へ の ポインタ が NULL に 設定 さ れる 。,0.7659950852394104,0.13566979610140004,0.5714285714285714,0.5,0.664
F024,ReadRoomInfo,constraint,IDの入力値は0〜9999の範囲に限定され、予約状態は必ずfalseに初期化される,部屋のIDは0から9999の範囲でなければならず、エラー処理は実装されていない。,ID の 入力 値 は 0 〜 9999 の 範囲 に 限定 さ れ 、 予約 状態 は 必ず false に 初期 化 さ れる,部屋 の ID は 0 から 9999 の 範囲 で なけれ ば なら ず 、 エラー 処理 は 実装 さ れ て い ない 。,0.6002770066261292,0.061700364165330555,0.42857142857142855,0.4090909090909091,0.5121
F025,SearchRoomByID,trigger,部屋IDを指定して検索したいとき,特定のIDを持つ部屋を検索する必要があるときに関数が呼び出されます。,部屋 ID を 指定 し て 検索 し たい とき,特定 の ID を 持つ 部屋 を 検索 する 必要 が ある とき に 関数 が 呼び出さ れ ます 。,0.7151409983634949,0.02560744480557418,0.5555555555555556,0.3703703703703704,0.6143
F025,SearchRoomByID,action,指定されたIDと一致する部屋を線形探索し、見つかればそのポインタを返す,リンクリストを順にチェックし、IDが一致する部屋を探します。,指定 さ れ た ID と 一致 する 部屋 を 線形 探索 し 、 見つかれ ば その ポインタ を 返す,リンクリスト を 順に チェック し 、 ID が 一致 する 部屋 を 探し ます 。,0.6860175728797913,0.15064134787973593,0.3684210526315789,0.4242424242424242,0.569
F025,SearchRoomByID,effect,IDで特定された部屋情報にアクセスできるようになる,一致するIDを持つ部屋のポインタが返され、見つからない場合はNULLが返されます。,ID で 特定 さ れ た 部屋 情報 に アクセス できる よう に なる,一致 する ID を 持つ 部屋 の ポインタ が 返さ れ 、 見つから ない 場合 は NULL が 返さ れ ます 。,0.6679285168647766,0.011433361115787456,0.23076923076923078,0.18749999999999997,0.5148
F025,SearchRoomByID,constraint,一致するIDが存在しない場合はNULLを返し、探索は全件走査で行う,呼び出し側でNULLが返された場合にNULLチェックを行う必要があります。,一致 する ID が 存在 し ない 場合 は NULL を 返し 、 探索 は 全 件 走査 で 行う,呼び出し 側 で NULL が 返さ れ た 場合 に NULL チェック を 行う 必要 が あり ます 。,0.7094164490699768,0.015119292037773728,0.3157894736842105,0.33333333333333337,0.5613
F026,AddNewRoom,trigger,新しい部屋を部屋リストに追加したいとき,新しい部屋を既存の部屋リストに追加する必要があるときに関数が呼び出されます。,新しい 部屋 を 部屋 リスト に 追加 し たい とき,新しい 部屋 を 既存 の 部屋 リスト に 追加 する 必要 が ある とき に 関数 が 呼び出さ れ ます 。,0.8501788973808289,0.17001078098404226,0.7777777777777778,0.5185185185185185,0.7677
F026,AddNewRoom,action,部屋リストが空ならそのまま新しい部屋を返し、そうでなければ末尾に接続して返す,関数は、部屋リストが空かどうかを確認し、空であれば新しい部屋を返し、そうでなければリストの末尾まで移動して新しい部屋を追加します。,部屋 リスト が 空 なら そのまま 新しい 部屋 を 返し 、 そう で なけれ ば 末尾 に 接続 し て 返す,関数 は 、 部屋 リスト が 空か どう か を 確認 し 、 空 で あれ ば 新しい 部屋 を 返し 、 そう で なけれ ば リスト の 末尾 まで 移動 し て 新しい 部屋 を 追加 し ます 。,0.8680477142333984,0.24912137744543902,0.75,0.6250000000000001,0.7825
F026,AddNewRoom,effect,部屋リストが新しいノードを含んだ状態に更新される,新しい部屋が既存の部屋リストの末尾に追加され、更新された部屋リストが返されます。,部屋 リスト が 新しい ノード を 含ん だ 状態 に 更新 さ れる,新しい 部屋 が 既存 の 部屋 リスト の 末尾 に 追加 さ れ 、 更新 さ れ た 部屋 リスト が 返さ れ ます 。,0.7821699380874634,0.051283703648473455,0.5384615384615384,0.4666666666666667,0.6603
F026,AddNewRoom,constraint,NewRoom 構造体のポインタは事前にメモリ確保・初期化されている必要がある,部屋リストがNULLの場合、新しい部屋をそのまま返し、エラー処理は行われません。,NewRoom   構造 体 の ポインタ は 事前 に メモリ 確保 ・ 初期 化 さ れ て いる 必要 が ある,部屋 リスト が NULL の 場合 、 新しい 部屋 を そのまま 返し 、 エラー 処理 は 行わ れ ませ ん 。,0.6009936928749084,0.01291802583371725,0.19047619047619047,0.2,0.4601
F027,SearchRoomByName,trigger,部屋名で一致する部屋を検索したいとき,部屋のリストが提供され、検索する部屋の名前が指定されたときに関数が呼び出されます。,部屋 名 で 一致 する 部屋 を 検索 し たい とき,部屋 の リスト が 提供 さ れ 、 検索 する 部屋 の 名前 が 指定 さ れ た とき に 関数 が 呼び出さ れ ます 。,0.7859135270118713,0.019320990745681776,0.4,0.27586206896551724,0.6321
F027,SearchRoomByName,action,全ての部屋リストを走査し、名前が一致する部屋を表示してフラグを立てる,部屋のリストを順に走査し、名前が一致する部屋を探します。,全て の 部屋 リスト を 走査 し 、 名前 が 一致 する 部屋 を 表示 し て フラグ を 立てる,部屋 の リスト を 順に 走査 し 、 名前 が 一致 する 部屋 を 探し ます 。,0.8461043238639832,0.45396412711929923,0.6875,0.7096774193548386,0.7752
F027,SearchRoomByName,effect,指定名に一致する部屋が存在するかどうかをユーザーに通知できる,一致する部屋が見つかった場合、その部屋の情報を表示し、存在フラグを真に設定します。,指定 名 に 一致 する 部屋 が 存在 する か どう か を ユーザー に 通知 できる,一致 する 部屋 が 見つかっ た 場合 、 その 部屋 の 情報 を 表示 し 、 存在 フラグ を 真に 設定 し ます 。,0.7959632873535156,0.1090009697802911,0.42857142857142855,0.3529411764705882,0.6538
F027,SearchRoomByName,constraint,一致する複数の部屋があればすべて表示され、フラグは一度でも一致すればtrueになる,部屋のリストがNULLの場合や一致する部屋が見つからない場合は、何も表示されず、フラグも変更されません。,一致 する 複数 の 部屋 が あれ ば すべて 表示 さ れ 、 フラグ は 一 度 でも 一致 すれ ば true に なる,部屋 の リスト が NULL の 場合 や 一致 する 部屋 が 見つから ない 場合 は 、 何 も 表示 さ れ ず 、 フラグ も 変更 さ れ ませ ん 。,0.8590768575668335,0.05024385356323939,0.5,0.4782608695652174,0.7064
F028,DeleteRoomByID,trigger,指定されたIDの部屋をリストから削除する必要があるとき,指定されたIDの部屋をリンクリストから削除する要求が発生したとき。,指定 さ れ た ID の 部屋 を リスト から 削除 する 必要 が ある とき,指定 さ れ た ID の 部屋 を リンクリスト から 削除 する 要求 が 発生 し た とき 。,0.8831477165222168,0.4580519369844352,0.8125,0.7647058823529411,0.8265
F028,DeleteRoomByID,action,部屋リストを走査し、該当するIDのノードを削除してリスト構造を更新する,リストを先頭から順に探索し、指定されたIDの部屋を見つけたら、そのノードをリストから削除し、メモリを解放する。,部屋 リスト を 走査 し 、 該当 する ID の ノード を 削除 し て リスト 構造 を 更新 する,リスト を 先頭 から 順に 探索 し 、 指定 さ れ た ID の 部屋 を 見つけ たら 、 その ノード を リスト から 削除 し 、 メモリ を 解放 する 。,0.8017085790634155,0.03001005413244102,0.6666666666666666,0.5128205128205129,0.6975
F028,DeleteRoomByID,effect,該当の部屋がリストから安全に取り除かれ、リスト構造が維持される,指定されたIDの部屋がリストから削除され、更新されたリストの先頭が返される。,該当 の 部屋 が リスト から 安全 に 取り除か れ 、 リスト 構造 が 維持 さ れる,指定 さ れ た ID の 部屋 が リスト から 削除 さ れ 、 更新 さ れ た リスト の 先頭 が 返さ れる 。,0.7591540217399597,0.18157374168582124,0.6,0.5625,0.6696
F028,DeleteRoomByID,constraint,対象が先頭ノードか中間ノードかで処理を分岐し、見つからない場合は何もしない,IDが見つからない場合、何も削除せず、リストの先頭をそのまま返す。,対象 が 先頭 ノード か 中間 ノード か で 処理 を 分岐 し 、 見つから ない 場合 は 何 も し ない,ID が 見つから ない 場合 、 何 も 削除 せ ず 、 リスト の 先頭 を そのまま 返す 。,0.569433331489563,0.06267861272299478,0.5,0.5,0.5049
F029,AddNewRoomScreen,trigger,ユーザーが新しい部屋の追加画面を開いたとき,ユーザーが新しい部屋を追加するための画面を開いたとき。,ユーザー が 新しい 部屋 の 追加 画面 を 開い た とき,ユーザー が 新しい 部屋 を 追加 する ため の 画面 を 開い た とき 。,0.9354435205459595,0.4333207865423752,1.0,0.88,0.8981
F029,AddNewRoomScreen,action,部屋情報を入力させ、重複IDがなければ部屋リストに追加し、結果を表示する,新しい部屋の情報を入力し、部屋IDを検索してリストに追加する。,部屋 情報 を 入力 さ せ 、 重複 ID が なけれ ば 部屋 リスト に 追加 し 、 結果 を 表示 する,新しい 部屋 の 情報 を 入力 し 、 部屋 ID を 検索 し て リスト に 追加 する 。,0.7985984086990356,0.09284622970425664,0.5789473684210527,0.6285714285714286,0.6841
F029,AddNewRoomScreen,effect,新しい部屋が部屋リストに正しく追加される(または重複エラーが通知される),新しい部屋がリストに追加され、成功メッセージが表示される。,新しい 部屋 が 部屋 リスト に 正しく 追加 さ れる ( または 重複 エラー が 通知 さ れる ),新しい 部屋 が リスト に 追加 さ れ 、 成功 メッセージ が 表示 さ れる 。,0.7233261466026306,0.08575148078150818,0.5333333333333333,0.5517241379310344,0.6216
F029,AddNewRoomScreen,constraint,部屋IDの重複を事前にチェックし、既存IDがある場合は追加を行わない,部屋IDが既に存在する場合は追加されず、エラーメッセージが表示される。,部屋 ID の 重複 を 事前 に チェック し 、 既存 ID が ある 場合 は 追加 を 行わ ない,部屋 ID が 既に 存在 する 場合 は 追加 さ れ ず 、 エラーメッセージ が 表示 さ れる 。,0.7062197923660278,0.07027213541732404,0.3888888888888889,0.39999999999999997,0.5792
F030,SearchRoomByNameScreen,trigger,ユーザーが部屋名での検索画面を操作したとき,ユーザーが部屋の名前を入力する。,ユーザー が 部屋 名 で の 検索 画面 を 操作 し た とき,ユーザー が 部屋 の 名前 を 入力 する 。,0.6761762499809265,0.0864638926009796,0.38461538461538464,0.4545454545454546,0.5589
F030,SearchRoomByNameScreen,action,部屋名を入力させ、該当する部屋を検索・表示し、見つからなければ通知する,入力された名前を用いてリスト内の部屋を検索する。,部屋 名 を 入力 さ せ 、 該当 する 部屋 を 検索 ・ 表示 し 、 見つから なけれ ば 通知 する,入力 さ れ た 名前 を 用い て リスト 内 の 部屋 を 検索 する 。,0.8356958627700806,0.06092101643021892,0.35294117647058826,0.37500000000000006,0.6617
F030,SearchRoomByNameScreen,effect,ユーザーが特定の名前の部屋が存在するかを確認できる,部屋が見つからない場合は「Room not Found!」と表示し、プログラムを一時停止する。,ユーザー が 特定 の 名前 の 部屋 が 存在 する か を 確認 できる,部屋 が 見つから ない 場合 は 「 Room   not   Found !」 と 表示 し 、 プログラム を 一時 停止 する 。,0.5358479619026184,0.020828838183973034,0.3333333333333333,0.23529411764705885,0.4438
F030,SearchRoomByNameScreen,constraint,入力された部屋名が完全一致しなければ一致と判定されない,部屋が見つかった場合は何も表示しない。,入力 さ れ た 部屋 名 が 完全 一致 し なけれ ば 一致 と 判定 さ れ ない,部屋 が 見つかっ た 場合 は 何 も 表示 し ない 。,0.6456320881843567,0.015448671909765663,0.3333333333333333,0.3703703703703704,0.5202
F031,SearchRoomByIDScreen,trigger,ユーザーが部屋IDを使って部屋情報を調べたいとき,ユーザーが部屋の詳細を確認したいときにこの関数が呼び出されます。,ユーザー が 部屋 ID を 使っ て 部屋 情報 を 調べ たい とき,ユーザー が 部屋 の 詳細 を 確認 し たい とき に この 関数 が 呼び出さ れ ます 。,0.6531844735145569,0.07036147891341805,0.5454545454545454,0.42857142857142855,0.5734
F031,SearchRoomByIDScreen,action,IDを入力させ、該当する部屋を検索し、情報を表示する,ユーザーにIDの入力を促し、そのIDを用いて部屋リストから部屋を検索します。,ID を 入力 さ せ 、 該当 する 部屋 を 検索 し 、 情報 を 表示 する,ユーザー に ID の 入力 を 促し 、 その ID を 用い て 部屋 リスト から 部屋 を 検索 し ます 。,0.843547523021698,0.1423071532720465,0.5384615384615384,0.45161290322580644,0.7124
F031,SearchRoomByIDScreen,effect,部屋の存在有無が確認でき、あればその詳細が表示される,指定されたIDの部屋が見つかればその詳細を表示し、見つからなければエラーメッセージを表示します。,部屋 の 存在 有無 が 確認 でき 、 あれ ば その 詳細 が 表示 さ れる,指定 さ れ た ID の 部屋 が 見つかれ ば その 詳細 を 表示 し 、 見つから なけれ ば エラーメッセージ を 表示 し ます 。,0.857624888420105,0.04934494673001858,0.6,0.5,0.7253
F031,SearchRoomByIDScreen,constraint,IDは0~9999の範囲で入力させ、不正なIDや存在しないIDはエラーメッセージを出す,IDは0から9999の範囲で入力される必要があります。,ID は 0 ~ 9999 の 範囲 で 入力 さ せ 、 不正 な ID や 存在 し ない ID は エラーメッセージ を 出す,ID は 0 から 9999 の 範囲 で 入力 さ れる 必要 が あり ます 。,0.8277435898780823,0.23261625190322294,0.42857142857142855,0.4864864864864864,0.6884
F032,DisplayRoomListScreen,trigger,ユーザーが登録されているすべての部屋を確認したいとき,部屋リストが表示される必要があるときに関数が呼び出される。,ユーザー が 登録 さ れ て いる すべて の 部屋 を 確認 し たい とき,部屋 リスト が 表示 さ れる 必要 が ある とき に 関数 が 呼び出さ れる 。,0.6924545168876648,0.017395797375642234,0.26666666666666666,0.28571428571428575,0.5398
F032,DisplayRoomListScreen,action,部屋リストを走査して全ての部屋情報を順に表示する,部屋リストがNULLかどうかを確認し、NULLであれば空のメッセージを表示し、そうでなければ各部屋情報を順に表示する。,部屋 リスト を 走査 し て 全て の 部屋 情報 を 順に 表示 する,部屋 リスト が NULL か どう か を 確認 し 、 NULL で あれ ば 空 の メッセージ を 表示 し 、 そう で なけれ ば 各 部屋 情報 を 順に 表示 する 。,0.8207020163536072,0.16332593877308405,0.75,0.5,0.7408
F032,DisplayRoomListScreen,effect,部屋一覧が画面上に分かりやすく表示され、存在しない場合は空リストであることが示される,部屋リストがNULLの場合は'List is empty!'と表示され、リストが存在する場合は各部屋の情報が順に表示される。,部屋 一覧 が 画面 上 に 分かり やすく 表示 さ れ 、 存在 し ない 場合 は 空 リスト で ある こと が 示さ れる,部屋 リスト が NULL の 場合 は ' List   is   empty !' と 表示 さ れ 、 リスト が 存在 する 場合 は 各 部屋 の 情報 が 順に 表示 さ れる 。,0.668656587600708,0.09348998462584433,0.4583333333333333,0.4489795918367347,0.5691
F032,DisplayRoomListScreen,constraint,部屋が1つも存在しない場合はエラーメッセージを表示し、ループ処理で順次表示する,エラー処理は特に行われておらず、部屋リストがNULLである場合のみ特定のメッセージが表示される。,部屋 が 1 つも 存在 し ない 場合 は エラーメッセージ を 表示 し 、 ループ 処理 で 順次 表示 する,エラー 処理 は 特に 行わ れ て おら ず 、 部屋 リスト が NULL で ある 場合 のみ 特定 の メッセージ が 表示 さ れる 。,0.7521189451217651,0.012219667481477889,0.4444444444444444,0.37209302325581395,0.6166
F033,DeleteRoomScreen,trigger,ユーザーが特定の部屋を削除したいとき,ユーザーが部屋の削除画面を開き、部屋IDを入力する。,ユーザー が 特定 の 部屋 を 削除 し たい とき,ユーザー が 部屋 の 削除 画面 を 開き 、 部屋 ID を 入力 する 。,0.7916495203971863,0.036787632499277766,0.6,0.5217391304347826,0.6778
F033,DeleteRoomScreen,action,部屋IDを入力させ、確認後にその部屋をリストから削除する,入力された部屋IDに基づいて部屋を検索し、見つかった場合は削除の確認を求める。,部屋 ID を 入力 さ せ 、 確認 後 に その 部屋 を リスト から 削除 する,入力 さ れ た 部屋 ID に 基づい て 部屋 を 検索 し 、 見つかっ た 場合 は 削除 の 確認 を 求める 。,0.8075432181358337,0.03372742782933834,0.6,0.5,0.6887
F033,DeleteRoomScreen,effect,対象の部屋が削除され、削除結果がユーザーに通知される,部屋が削除されると、削除成功メッセージが表示される。,対象 の 部屋 が 削除 さ れ 、 削除 結果 が ユーザー に 通知 さ れる,部屋 が 削除 さ れる と 、 削除 成功 メッセージ が 表示 さ れる 。,0.6786920428276062,0.21417643659566238,0.46153846153846156,0.4999999999999999,0.5888
F033,DeleteRoomScreen,constraint,IDは事前に存在確認し、削除前にユーザーに確認を求める,部屋が見つからない場合はエラーメッセージを表示し、削除操作は行われない。,ID は 事前 に 存在 確認 し 、 削除 前 に ユーザー に 確認 を 求める,部屋 が 見つから ない 場合 は エラーメッセージ を 表示 し 、 削除 操作 は 行わ れ ない 。,0.558903157711029,0.060745880708766846,0.38461538461538464,0.3448275862068966,0.4742
F034,CheckRoomAvailabilityScreen,trigger,ユーザーが部屋の空き状況を確認したいとき,ユーザーが部屋の空き状況を確認したいときにこの関数が呼び出されます。,ユーザー が 部屋 の 空き 状況 を 確認 し たい とき,ユーザー が 部屋 の 空き 状況 を 確認 し たい とき に この 関数 が 呼び出さ れ ます 。,0.879962146282196,0.5401725898595141,1.0,0.7586206896551725,0.87
F034,CheckRoomAvailabilityScreen,action,部屋名または部屋IDを使って検索手段を選ばせ、該当する部屋情報を表示する,ユーザーに名前またはIDでの検索方法を選択させ、その選択に基づいて対応する検索関数を呼び出します。,部屋 名 または 部屋 ID を 使っ て 検索 手段 を 選ば せ 、 該当 する 部屋 情報 を 表示 する,ユーザー に 名前 または ID で の 検索 方法 を 選択 さ せ 、 その 選択 に 基づい て 対応 する 検索 関数 を 呼び出し ます 。,0.6919541358947754,0.021500003802814183,0.5,0.41025641025641024,0.5865
F034,CheckRoomAvailabilityScreen,effect,部屋が予約されているかどうかをユーザーが確認できる,ユーザーは部屋の空き状況を名前またはIDで確認することができます。,部屋 が 予約 さ れ て いる か どう か を ユーザー が 確認 できる,ユーザー は 部屋 の 空き 状況 を 名前 または ID で 確認 する こと が でき ます 。,0.752450168132782,0.016153228406487214,0.38461538461538464,0.3225806451612903,0.6053
F034,CheckRoomAvailabilityScreen,constraint,選択肢は1(部屋名)または2(ID)に限定し、その他は無効とする,選択肢が1または2の場合にのみ検索関数が呼び出され、それ以外の選択肢ではエラーメッセージが表示されます。,選択肢 は 1 ( 部屋 名 ) または 2 ( ID ) に 限定 し 、 その他 は 無効 と する,選択肢 が 1 または 2 の 場合 に のみ 検索 関数 が 呼び出さ れ 、 それ 以外 の 選択肢 で は エラーメッセージ が 表示 さ れ ます 。,0.7035902738571167,0.019427446513842185,0.3888888888888889,0.34146341463414637,0.5722
F035,RoomManagementMenu,trigger,ユーザーが『Room Management Menu』を選択したとき,ユーザーが部屋管理メニューを開くときに関数が呼び出されます。,ユーザー が 『 Room   Management   Menu 』 を 選択 し た とき,ユーザー が 部屋 管理 メニュー を 開く とき に 関数 が 呼び出さ れ ます 。,0.5898909568786621,0.033241378434410024,0.3076923076923077,0.29629629629629634,0.4778
F035,RoomManagementMenu,action,"画面にメニューを表示し、ユーザーの入力に応じて部屋管理に関する以下の機能を呼び出す:
  [1] 部屋の新規追加(AddNewRoomScreen)
  [2] 名前で検索(SearchRoomByNameScreen)
  [3] IDで検索(SearchRoomByIDScreen)
  [4] 部屋一覧の表示(DisplayRoomListScreen)
  [5] 削除(DeleteRoomScreen)
  [6] 空き確認(CheckRoomAvailabilityScreen)
  [7] メインメニューに戻る
",ユーザーに1から7の選択肢を提示し、選択に応じた部屋管理機能を実行します。,"画面 に メニュー を 表示 し 、 ユーザー の 入力 に 応じ て 部屋 管理 に関する 以下 の 機能 を 呼び出す : 
   [ 1 ]   部屋 の 新規 追加 ( AddNewRoomScreen ) 
   [ 2 ]   名前 で 検索 ( SearchRoomByNameScreen ) 
   [ 3 ]   ID で 検索 ( SearchRoomByIDScreen ) 
   [ 4 ]   部屋 一覧 の 表示 ( DisplayRoomListScreen ) 
   [ 5 ]   削除 ( DeleteRoomScreen ) 
   [ 6 ]   空き 確認 ( CheckRoomAvailabilityScreen ) 
   [ 7 ]   メイン メニュー に 戻る",ユーザー に 1 から 7 の 選択肢 を 提示 し 、 選択 に 応じ た 部屋 管理 機能 を 実行 し ます 。,0.7534170746803284,0.0016857149332530903,0.24,0.34285714285714286,0.5756
F035,RoomManagementMenu,effect,部屋情報に関する一連の管理操作をユーザーが選択式で実行できる,ユーザーの選択に基づいて部屋の追加、検索、表示、削除、空室確認、またはメインメニューへの移行が行われます。,部屋 情報 に関する 一連 の 管理 操作 を ユーザー が 選択 式 で 実行 できる,ユーザー の 選択 に 基づい て 部屋 の 追加 、 検索 、 表示 、 削除 、 空 室 確認 、 または メイン メニュー へ の 移行 が 行わ れ ます 。,0.7558763027191162,0.009020544569112136,0.3333333333333333,0.25,0.5967
F035,RoomManagementMenu,constraint,"有効な選択肢は 1〜7 に限定され、それ以外の入力には「Error!」と表示して再入力を求める。 ループは選択肢が [7] のとき終了する。
",選択肢が1から6の場合は対応する処理を行い、7の場合はメニューを終了し、無効な選択肢にはエラーメッセージを表示します。,有効 な 選択肢 は   1 〜 7   に 限定 さ れ 、 それ 以外 の 入力 に は 「 Error !」 と 表示 し て 再 入力 を 求める 。   ループ は 選択肢 が   [ 7 ]   の とき 終了 する 。,選択肢 が 1 から 6 の 場合 は 対応 する 処理 を 行い 、 7 の 場合 は メニュー を 終了 し 、 無効 な 選択肢 に は エラーメッセージ を 表示 し ます 。,0.8417220711708069,0.019612072647873027,0.42857142857142855,0.5,0.6769
F036,DisplayReservationCard,trigger,特定の予約情報をユーザーに表示したいとき,予約管理システムでユーザーに予約の詳細を表示する必要があるときに呼び出されます。,特定 の 予約 情報 を ユーザー に 表示 し たい とき,予約 管理 システム で ユーザー に 予約 の 詳細 を 表示 する 必要 が ある とき に 呼び出さ れ ます 。,0.7358884811401367,0.02642138995497447,0.6363636363636364,0.4666666666666667,0.645
F036,DisplayReservationCard,action,指定された予約データの内容(ID、ユーザーID、部屋ID、日付、時間)を整形して表示する,Reservation構造体の各フィールドを取得し、フォーマットされた文字列として標準出力に表示します。,指定 さ れ た 予約 データ の 内容 ( ID 、 ユーザー ID 、 部屋 ID 、 日付 、 時間 ) を 整形 し て 表示 する,Reservation 構造 体 の 各 フィールド を 取得 し 、 フォーマット さ れ た 文字 列 として 標準 出力 に 表示 し ます 。,0.593150794506073,0.04416700212241713,0.36363636363636365,0.3555555555555555,0.4923
F036,DisplayReservationCard,effect,ユーザーは個別の予約内容を一目で把握できる,予約情報がフォーマットされ、ユーザーに視覚的に表示されます。,ユーザー は 個別 の 予約 内容 を 一目 で 把握 できる,予約 情報 が フォーマット さ れ 、 ユーザー に 視覚 的 に 表示 さ れ ます 。,0.6832490563392639,0.013679192123121896,0.18181818181818182,0.16,0.516
F036,DisplayReservationCard,constraint,表示内容は整ったフォーマットで出力され、引数には非NULLのReservation構造体ポインタが必要,ReservationがNULLの場合、プログラムがクラッシュする可能性があるため、NULLチェックを追加することが推奨されます。,表示 内容 は 整っ た フォーマット で 出力 さ れ 、 引数 に は 非 NULL の Reservation 構造 体 ポインタ が 必要,Reservation が NULL の 場合 、 プログラム が クラッシュ する 可能 性 が ある ため 、 NULL チェック を 追加 する こと が 推奨 さ れ ます 。,0.6878746747970581,0.023103257620595934,0.3181818181818182,0.3181818181818182,0.5475
F037,SearchReservationByID,trigger,予約IDに基づいて特定の予約情報を検索したいとき,予約リストから特定のIDの予約を検索する必要があるときに関数が呼び出されます。,予約 ID に 基づい て 特定 の 予約 情報 を 検索 し たい とき,予約 リスト から 特定 の ID の 予約 を 検索 する 必要 が ある とき に 関数 が 呼び出さ れ ます 。,0.7775688171386719,0.03521555586746717,0.6153846153846154,0.5,0.6709
F037,SearchReservationByID,action,予約リストを先頭から順に走査し、指定されたIDに一致する予約構造体を探す,リストの先頭から順に各予約のIDを比較します。,予約 リスト を 先頭 から 順に 走査 し 、 指定 さ れ た ID に 一致 する 予約 構造 体 を 探す,リスト の 先頭 から 順に 各 予約 の ID を 比較 し ます 。,0.7862206697463989,0.05101529360859365,0.4,0.4848484848484849,0.6355
F037,SearchReservationByID,effect,該当する予約が見つかった場合はそのポインタを返し、見つからない場合はNULLを返す,一致するIDの予約が見つかればそのポインタを返し、見つからなければNULLを返します。,該当 する 予約 が 見つかっ た 場合 は その ポインタ を 返し 、 見つから ない 場合 は NULL を 返す,一致 する ID の 予約 が 見つかれ ば その ポインタ を 返し 、 見つから なけれ ば NULL を 返し ます 。,0.9127721786499023,0.28320384389628483,0.5882352941176471,0.5714285714285715,0.7849
F037,SearchReservationByID,constraint,線形探索を用いる。予約リストは単方向リスト構造で、IDは一意であることを前提とする,予約リストがNULLの場合やIDが見つからない場合はNULLを返しますが、エラー処理は特に行いません。,線形 探索 を 用いる 。 予約 リスト は 単 方向 リスト 構造 で 、 ID は 一意 で ある こと を 前提 と する,予約 リスト が NULL の 場合 や ID が 見つから ない 場合 は NULL を 返し ます が 、 エラー 処理 は 特に 行い ませ ん 。,0.6546195149421692,0.020876149875884896,0.35,0.3333333333333333,0.5303
F038,DeleteReservationByID,trigger,指定したIDの予約を削除したいとき,予約リストから特定のIDの予約を削除する要求が発生したとき。,指定 し た ID の 予約 を 削除 し たい とき,予約 リスト から 特定 の ID の 予約 を 削除 する 要求 が 発生 し た とき 。,0.8737529516220093,0.23909453161355018,0.8,0.6153846153846154,0.7955
F038,DeleteReservationByID,action,予約リストを探索し、該当するIDの予約ノードをリストから除去してメモリ解放する,リストを順に走査し、指定されたIDと一致する予約を見つけたら、そのノードをリストから削除する。,予約 リスト を 探索 し 、 該当 する ID の 予約 ノード を リスト から 除去 し て メモリ 解放 する,リスト を 順に 走査 し 、 指定 さ れ た ID と 一致 する 予約 を 見つけ たら 、 その ノード を リスト から 削除 する 。,0.8359506726264954,0.12991916506579942,0.5625,0.47368421052631576,0.7107
F038,DeleteReservationByID,effect,対象の予約がリストから削除され、残りのリスト構造が維持される,指定されたIDの予約が見つかると削除され、リストの先頭が変更される可能性がある。,対象 の 予約 が リスト から 削除 さ れ 、 残り の リスト 構造 が 維持 さ れる,指定 さ れ た ID の 予約 が 見つかる と 削除 さ れ 、 リスト の 先頭 が 変更 さ れる 可能 性 が ある 。,0.6610879302024841,0.1566391541195429,0.6428571428571429,0.5294117647058824,0.607
F038,DeleteReservationByID,constraint,該当ノードが存在しない場合は何もしない。リストの先頭削除にも対応。対象ノードはfreeされる,削除する予約が見つからない場合、リストはそのまま返され、特にエラー処理は行われない。,該当 ノード が 存在 し ない 場合 は 何 も し ない 。 リスト の 先頭 削除 に も 対応 。 対象 ノード は free さ れる,削除 する 予約 が 見つから ない 場合 、 リスト は そのまま 返さ れ 、 特に エラー 処理 は 行わ れ ない 。,0.7603148221969604,0.02535177909243835,0.3333333333333333,0.358974358974359,0.6014
F039,ReadReservationPeriod,trigger,予約登録時に日付と時間帯の入力を求められたとき,ユーザーが予約の日付と開始・終了時間を入力する。,予約 登録 時 に 日付 と 時間 帯 の 入力 を 求め られ た とき,ユーザー が 予約 の 日付 と 開始 ・ 終了 時間 を 入力 する 。,0.8009239435195923,0.038467339089060075,0.4666666666666667,0.4827586206896552,0.6578
F039,ReadReservationPeriod,action,ユーザーから予約の日付・開始時刻・終了時刻を受け取り、予約情報と部屋情報に反映させる,入力された予約の日付と時間を予約情報と部屋情報に格納する。,ユーザー から 予約 の 日付 ・ 開始 時刻 ・ 終了 時刻 を 受け取り 、 予約 情報 と 部屋 情報 に 反映 さ せる,入力 さ れ た 予約 の 日付 と 時間 を 予約 情報 と 部屋 情報 に 格納 する 。,0.6106351017951965,0.27043713493852645,0.47368421052631576,0.5142857142857142,0.5492
F039,ReadReservationPeriod,effect,予約情報と部屋情報に同じ日付・時間が設定され、その部屋は予約済みとしてマークされる,部屋の予約状態が更新され、予約情報と部屋情報に同じ日付と時間が設定される。,予約 情報 と 部屋 情報 に 同じ 日付 ・ 時間 が 設定 さ れ 、 その 部屋 は 予約 済み として マーク さ れる,部屋 の 予約 状態 が 更新 さ れ 、 予約 情報 と 部屋 情報 に 同じ 日付 と 時間 が 設定 さ れる 。,0.9006676077842712,0.4717991357336539,0.7,0.7368421052631577,0.8176
F039,ReadReservationPeriod,constraint,日付と時刻はそれぞれ ReadDate と ReadTime 関数を使って標準入力から取得すること,ユーザー入力が不適切な場合、ReadDateやReadTime関数でエラー処理が行われる必要があるが、この関数内ではエラー処理は行われない。,日付 と 時刻 は それぞれ   ReadDate   と   ReadTime   関数 を 使っ て 標準 入力 から 取得 する こと,ユーザー 入力 が 不適切 な 場合 、 ReadDate や ReadTime 関数 で エラー 処理 が 行わ れる 必要 が ある が 、 この 関数 内 で は エラー 処理 は 行わ れ ない 。,0.653357744216919,0.008186841244220632,0.2777777777777778,0.2380952380952381,0.5137
F040,ReadReservationInfo,trigger,新しい予約を作成する際に、予約者・部屋・予約時間を指定したいとき,ユーザーが新しい予約情報を入力しようとする。,新しい 予約 を 作成 する 際 に 、 予約 者 ・ 部屋 ・ 予約 時間 を 指定 し たい とき,ユーザー が 新しい 予約 情報 を 入力 しよ う と する 。,0.637485682964325,0.021992835865967196,0.25,0.28571428571428575,0.4984
F040,ReadReservationInfo,action,"ユーザーから予約ID、ユーザーID、部屋IDを標準入力で受け取り、
・予約IDが重複していないか
・ユーザーIDが存在するか
・部屋IDが存在し、かつ予約済みでないか
をそれぞれ検証する。すべて条件を満たせば、予約日時情報を読み取って予約情報構造体に格納する。
",ユーザーから予約ID、ユーザーID、部屋IDを入力させ、それらを既存のデータと照合する。,"ユーザー から 予約 ID 、 ユーザー ID 、 部屋 ID を 標準 入力 で 受け取り 、 
 ・ 予約 ID が 重複 し て い ない か 
 ・ ユーザー ID が 存在 する か 
 ・ 部屋 ID が 存在 し 、 かつ 予約 済み で ない か 
 を それぞれ 検証 する 。 すべて 条件 を 満たせ ば 、 予約 日時 情報 を 読み取っ て 予約 情報 構造 体 に 格納 する 。",ユーザー から 予約 ID 、 ユーザー ID 、 部屋 ID を 入力 さ せ 、 それら を 既存 の データ と 照合 する 。,0.7668035626411438,0.056388462566606096,0.2631578947368421,0.35714285714285715,0.595
F040,ReadReservationInfo,effect,"新しい予約が有効な状態で初期化され、予約対象の部屋も該当日時で予約済みとされる。
",有効な予約情報が予約リストに追加される。,新しい 予約 が 有効 な 状態 で 初期 化 さ れ 、 予約 対象 の 部屋 も 該当 日時 で 予約 済み と さ れる 。,有効 な 予約 情報 が 予約 リスト に 追加 さ れる 。,0.6378005743026733,0.03712545668864282,0.3181818181818182,0.4242424242424242,0.5138
F040,ReadReservationInfo,constraint,"・予約IDは重複不可  
・ユーザーIDは既存ユーザーに属する必要あり  
・部屋IDは存在し、未予約状態でなければならない  
・予約日時は `ReadReservationPeriod` を通じて入力される
",予約IDは重複してはならず、ユーザーIDは存在し、部屋IDは予約可能でなければならない。,"・ 予約 ID は 重複 不可   
 ・ ユーザー ID は 既存 ユーザー に 属する 必要 あり   
 ・ 部屋 ID は 存在 し 、 未 予約 状態 で なけれ ば なら ない   
 ・ 予約 日時 は   ` ReadReservationPeriod `   を通じて 入力 さ れる",予約 ID は 重複 し て は なら ず 、 ユーザー ID は 存在 し 、 部屋 ID は 予約 可能 で なけれ ば なら ない 。,0.8536151051521301,0.2035683713449949,0.4375,0.56,0.7054
F041,AddNewReservation,trigger,新たに予約情報を予約リストに追加したいとき,新しい予約を予約リストに追加する必要があるときに呼び出されます。,新た に 予約 情報 を 予約 リスト に 追加 し たい とき,新しい 予約 を 予約 リスト に 追加 する 必要 が ある とき に 呼び出さ れ ます 。,0.8968023061752319,0.24078435074822624,0.6,0.48,0.7718
F041,AddNewReservation,action,"予約リストの末尾に新たな予約構造体(NewReservation)を連結し、
リストの先頭ポインタ(ReservationList)を返す。
",予約リストの末尾に新しい予約を追加します。,"予約 リスト の 末尾 に 新た な 予約 構造 体 ( NewReservation ) を 連結 し 、 
 リスト の 先頭 ポインタ ( ReservationList ) を 返す 。",予約 リスト の 末尾 に 新しい 予約 を 追加 し ます 。,0.7818522453308105,0.09679435237438615,0.36363636363636365,0.4848484848484849,0.6297
F041,AddNewReservation,effect,予約リストが更新され、新しい予約が末尾に追加される,予約リストが更新され、新しい予約が末尾に追加されます。,予約 リスト が 更新 さ れ 、 新しい 予約 が 末尾 に 追加 さ れる,予約 リスト が 更新 さ れ 、 新しい 予約 が 末尾 に 追加 さ れ ます 。,0.9868027567863464,0.805312203079627,0.9166666666666666,0.8799999999999999,0.9546
F041,AddNewReservation,constraint,"・リストが空の場合は、新しい予約を先頭として返す  
・NewReservation の Next は NULL に設定されていることを前提とする
",予約リストがNULLの場合、新しい予約をそのまま返します。,"・ リスト が 空 の 場合 は 、 新しい 予約 を 先頭 として 返す   
 ・ NewReservation   の   Next   は   NULL   に 設定 さ れ て いる こと を 前提 と する",予約 リスト が NULL の 場合 、 新しい 予約 を そのまま 返し ます 。,0.8702874183654785,0.04785369815324684,0.3103448275862069,0.4285714285714286,0.6761
F042,AddNewReservationScreen,trigger,ユーザーがメニュー操作で新しい予約を追加する処理を開始したとき,ユーザーが新しい予約を追加するための画面を開くとき。,ユーザー が メニュー 操作 で 新しい 予約 を 追加 する 処理 を 開始 し た とき,ユーザー が 新しい 予約 を 追加 する ため の 画面 を 開く とき 。,0.8032082319259644,0.28225233433824526,0.5333333333333333,0.5714285714285715,0.6971
F042,AddNewReservationScreen,action,"・画面に「Add New Reservation」のヘッダーを表示  
・`Reservation` 構造体を動的に確保  
・予約情報の入力を `ReadReservationInfo()` で取得  
・リストに追加して「成功」メッセージを表示  
・Enter キー入力を待ってメニューに戻る
",新しい予約のメモリを確保し、ユーザーと部屋の情報を基に予約情報を読み込む。,"・ 画面 に 「 Add   New   Reservation 」 の ヘッダー を 表示   
 ・ ` Reservation `   構造 体 を 動的 に 確保   
 ・ 予約 情報 の 入力 を   ` ReadReservationInfo ()`   で 取得   
 ・ リスト に 追加 し て 「 成功 」 メッセージ を 表示   
 ・ Enter   キー 入力 を 待っ て メニュー に 戻る",新しい 予約 の メモリ を 確保 し 、 ユーザー と 部屋 の 情報 を 基 に 予約 情報 を 読み込む 。,0.7032255530357361,0.0035541095312696417,0.1891891891891892,0.2641509433962264,0.5305
F042,AddNewReservationScreen,effect,ユーザーが手動入力した予約情報が予約リストに追加される,予約リストに新しい予約が追加され、成功メッセージが表示される。,ユーザー が 手動 入力 し た 予約 情報 が 予約 リスト に 追加 さ れる,予約 リスト に 新しい 予約 が 追加 さ れ 、 成功 メッセージ が 表示 さ れる 。,0.696421205997467,0.08910017878980071,0.5384615384615384,0.5185185185185186,0.6041
F042,AddNewReservationScreen,constraint,"・Reservation の確保に malloc を使用  
・既存予約/ユーザー/部屋との整合性は `ReadReservationInfo` 側で担保される前提
",メモリ確保や予約追加が失敗した場合のエラーハンドリングが実装されていない。,"・ Reservation   の 確保 に   malloc   を 使用   
 ・ 既存 予約 / ユーザー / 部屋 と の 整合 性 は   ` ReadReservationInfo `   側 で 担保 さ れる 前提",メモリ 確保 や 予約 追加 が 失敗 し た 場合 の エラー ハンドリング が 実装 さ れ て い ない 。,0.6973113417625427,0.006632335607135708,0.14814814814814814,0.1702127659574468,0.5184
F043,DeleteReservationScreen,trigger,ユーザーが予約情報の削除操作を選択したとき,ユーザーが予約IDを入力することで、削除プロセスが開始されます。,ユーザー が 予約 情報 の 削除 操作 を 選択 し た とき,ユーザー が 予約 ID を 入力 する こと で 、 削除 プロセス が 開始 さ れ ます 。,0.7771969437599182,0.060745880708766846,0.4166666666666667,0.3448275862068966,0.6334
F043,DeleteReservationScreen,action,"・画面に「Delete Reservation」のヘッダーを表示  
・予約IDを入力させて、該当予約を検索  
・該当予約が存在すれば、内容を表示して削除確認  
・確認が 'y' なら予約リストから削除し、対応する部屋情報もリセット  
・結果メッセージを表示し、Enter待ちでメニュー復帰
",指定された予約IDに基づいて予約を検索し、ユーザーに削除の確認を求めます。,"・ 画面 に 「 Delete   Reservation 」 の ヘッダー を 表示   
 ・ 予約 ID を 入力 さ せ て 、 該当 予約 を 検索   
 ・ 該当 予約 が 存在 すれ ば 、 内容 を 表示 し て 削除 確認   
 ・ 確認 が   ' y '   なら 予約 リスト から 削除 し 、 対応 する 部屋 情報 も リセット   
 ・ 結果 メッセージ を 表示 し 、 Enter 待ち で メニュー 復帰",指定 さ れ た 予約 ID に 基づい て 予約 を 検索 し 、 ユーザー に 削除 の 確認 を 求め ます 。,0.7118587493896484,0.006847769619899921,0.25,0.35294117647058826,0.549
F043,DeleteReservationScreen,effect,予約が取り消され、関連する部屋の予約状態も解除される,予約が削除されると、対応する部屋の予約状態が更新され、成功メッセージが表示されます。,予約 が 取り消さ れ 、 関連 する 部屋 の 予約 状態 も 解除 さ れる,予約 が 削除 さ れる と 、 対応 する 部屋 の 予約 状態 が 更新 さ れ 、 成功 メッセージ が 表示 さ れ ます 。,0.7395195364952087,0.18942940070517628,0.7142857142857143,0.6060606060606061,0.6795
F043,DeleteReservationScreen,constraint,"・削除対象の予約が存在しない場合はエラーメッセージを表示  
・削除前にユーザー確認が必要  
・部屋の `IsReserved` を false に戻す処理も行う
",予約IDが存在しない場合は、エラーメッセージを表示して処理を終了します。,"・ 削除 対象 の 予約 が 存在 し ない 場合 は エラーメッセージ を 表示   
 ・ 削除 前 に ユーザー 確認 が 必要   
 ・ 部屋 の   ` IsReserved `   を   false   に 戻す 処理 も 行う",予約 ID が 存在 し ない 場合 は 、 エラーメッセージ を 表示 し て 処理 を 終了 し ます 。,0.7842851281166077,0.11290344001884345,0.3793103448275862,0.4782608695652174,0.6362
F044,DisplayReservationsScreen,trigger,ユーザーがすべての予約情報を一覧表示したいとき,予約情報をユーザーに表示する必要があるときに関数が呼び出されます。,ユーザー が すべて の 予約 情報 を 一覧 表示 し たい とき,予約 情報 を ユーザー に 表示 する 必要 が ある とき に 関数 が 呼び出さ れ ます 。,0.7682713866233826,0.06607677554655543,0.5833333333333334,0.5,0.6611
F044,DisplayReservationsScreen,action,"・画面に「Reservations List」の見出しを表示  
・予約リストが空かを判定し、空ならその旨を出力  
・そうでなければ、すべての予約について順に予約情報を出力(DisplayReservationCardを使用)  
・表示後にEnter入力で復帰
",予約リストがNULLかどうかをチェックし、NULLの場合は'List is empty!'と表示し、そうでない場合は各予約を順に表示します。,"・ 画面 に 「 Reservations   List 」 の 見出し を 表示   
 ・ 予約 リスト が 空 か を 判定 し 、 空 なら その 旨 を 出力   
 ・ そう で なけれ ば 、 すべて の 予約 について 順に 予約 情報 を 出力 ( DisplayReservationCard を 使用 )   
 ・ 表示 後 に Enter 入力 で 復帰",予約 リスト が NULL か どう か を チェック し 、 NULL の 場合 は ' List   is   empty !' と 表示 し 、 そう で ない 場合 は 各 予約 を 順に 表示 し ます 。,0.7596016526222229,0.027669888004732676,0.34146341463414637,0.40579710144927533,0.6028
F044,DisplayReservationsScreen,effect,すべての予約情報が端末画面に表示され、確認できる,予約リストがNULLの場合は'List is empty!'と表示され、リストが存在する場合は各予約が番号付きで表示されます。,すべて の 予約 情報 が 端末 画面 に 表示 さ れ 、 確認 できる,予約 リスト が NULL の 場合 は ' List   is   empty !' と 表示 さ れ 、 リスト が 存在 する 場合 は 各 予約 が 番号 付き で 表示 さ れ ます 。,0.6476991176605225,0.07382806265053332,0.5,0.35000000000000003,0.5608
F044,DisplayReservationsScreen,constraint,予約リストがNULL(空)の場合は明示的にその旨を出力する,予約リストがNULLであってもエラーは発生せず、適切に'List is empty!'と表示されます。,予約 リスト が NULL ( 空 ) の 場合 は 明示 的 に その 旨 を 出力 する,予約 リスト が NULL で あっ て も エラー は 発生 せ ず 、 適切 に ' List   is   empty !' と 表示 さ れ ます 。,0.7794877886772156,0.08914609827874222,0.3333333333333333,0.2608695652173913,0.6212
F045,SwapReservationData,trigger,2つの予約情報の内容を入れ替える必要があるとき(例:並び替え処理中),2つの予約データの内容を入れ替える必要があるときに関数が呼び出される。,2 つ の 予約 情報 の 内容 を 入れ替える 必要 が ある とき ( 例 : 並び 替え 処理 中 ),2 つ の 予約 データ の 内容 を 入れ替える 必要 が ある とき に 関数 が 呼び出さ れる 。,0.915876030921936,0.448995160222747,0.55,0.5945945945945946,0.796
F045,SwapReservationData,action,"・2つのReservation構造体のすべてのフィールド(ID, UserID, RoomID, Date, Start_Time, End_Time)を相互に入れ替える  
・一時変数を使って内容の一方が上書きされないように保持しながら交換する
",一時変数を用いて、2つの予約構造体の各フィールドの値を交換する。,"・ 2 つ の Reservation 構造 体 の すべて の フィールド ( ID ,   UserID ,   RoomID ,   Date ,   Start _ Time ,   End _ Time ) を 相互 に 入れ替える   
 ・ 一時 変数 を 使っ て 内容 の 一方 が 上書き さ れ ない よう に 保持 し ながら 交換 する",一時 変数 を 用い て 、 2 つ の 予約 構造 体 の 各 フィールド の 値 を 交換 する 。,0.743645191192627,0.019924736377156176,0.27906976744186046,0.3934426229508197,0.5784
F045,SwapReservationData,effect,Reservation1とReservation2の情報が完全に入れ替わる,Reservation1とReservation2の各フィールド(ID、UserID、RoomID、Date、Start_Time、End_Time)が正確に入れ替わる。,Reservation 1 と Reservation 2 の 情報 が 完全 に 入れ替わる,Reservation 1 と Reservation 2 の 各 フィールド ( ID 、 UserID 、 RoomID 、 Date 、 Start _ Time 、 End _ Time ) が 正確 に 入れ替わる 。,0.8082301020622253,0.1771672685027266,0.8,0.48484848484848486,0.7435
F045,SwapReservationData,constraint,"・Nextポインタは対象外  
・構造体ごとではなくフィールド単位で個別に入れ替える必要がある
",関数はvoid型で戻り値はなく、無効なポインタが渡された場合の動作は未定義である。,"・ Next ポインタ は 対象 外   
 ・ 構造 体 ごと で は なく フィールド 単位 で 個別 に 入れ替える 必要 が ある",関数 は void 型 で 戻り 値 は なく 、 無効 な ポインタ が 渡さ れ た 場合 の 動作 は 未定義 で ある 。,0.6227414011955261,0.02265672090880199,0.3,0.28571428571428564,0.4982
F046,SortReservationsByDate,trigger,予約情報を日付順に並べたいとき(例:表示前にソートする処理),予約リストを日付順にソートする必要があるときにこの関数が呼び出されます。,予約 情報 を 日付 順 に 並べ たい とき ( 例 : 表示 前 に ソート する 処理 ),予約 リスト を 日付 順 に ソート する 必要 が ある とき に この 関数 が 呼び出さ れ ます 。,0.8601534366607666,0.1845895819969781,0.4444444444444444,0.4444444444444444,0.7095
F046,SortReservationsByDate,action,"・予約リスト(単方向リスト)の各ノードに対してバブルソート的に走査を行う  
・2つの予約の日時を比較して、必要に応じて `SwapReservationData` を用いて入れ替える  
・比較には `IsDate1BeforeDate2` を使う
",リスト内の各予約を二重ループで比較し、必要に応じてデータを入れ替えます。,"・ 予約 リスト ( 単 方向 リスト ) の 各 ノード に対して バブル ソート 的 に 走査 を 行う   
 ・ 2 つ の 予約 の 日時 を 比較 し て 、 必要 に 応じ て   ` SwapReservationData `   を 用い て 入れ替える   
 ・ 比較 に は   ` IsDate 1 BeforeDate 2 `   を 使う",リスト 内 の 各 予約 を 二 重 ループ で 比較 し 、 必要 に 応じ て データ を 入れ替え ます 。,0.8394420146942139,0.04039336705731912,0.3157894736842105,0.4067796610169492,0.6548
F046,SortReservationsByDate,effect,ReservationListが日付の昇順に並び替えられる,ソートされた予約リストが返され、リスト内のデータが直接変更されます。,ReservationList が 日付 の 昇順 に 並び 替え られる,ソート さ れ た 予約 リスト が 返さ れ 、 リスト 内 の データ が 直接 変更 さ れ ます 。,0.5983346104621887,0.010862721615727716,0.2222222222222222,0.16,0.4644
F046,SortReservationsByDate,constraint,"・破壊的ソート(元のリスト構造のノード順序は変わる)  
・ソート対象は `Date` フィールドのみ(時刻までは考慮しない)  
・同一日付の順序は保証しない(安定ソートではない)",入力リストがNULLの場合や、日付比較関数が正しく動作しない場合に注意が必要です。,"・ 破壊 的 ソート ( 元 の リスト 構造 の ノード 順序 は 変わる )   
 ・ ソート 対象 は   ` Date `   フィールド のみ ( 時刻 まで は 考慮 し ない )   
 ・ 同 一 日 付 の 順序 は 保証 し ない ( 安定 ソート で は ない )",入力 リスト が NULL の 場合 や 、 日付 比較 関数 が 正しく 動作 し ない 場合 に 注意 が 必要 です 。,0.5883320569992065,0.0054114246286890225,0.12121212121212122,0.15094339622641512,0.4366
F047,SortReservationsByDateScreen,trigger,ユーザーが予約情報を日付順に並べたいとき、画面メニューからソート操作を選択,ユーザーが予約リストを日付順に整理したいときにこの関数が呼び出されます。,ユーザー が 予約 情報 を 日付 順 に 並べ たい とき 、 画面 メニュー から ソート 操作 を 選択,ユーザー が 予約 リスト を 日付 順 に 整理 し たい とき に この 関数 が 呼び出さ れ ます 。,0.7968742251396179,0.19319794288373765,0.5,0.5,0.6771
F047,SortReservationsByDateScreen,action,"・画面ヘッダーに「Sort Reservations By Date」と表示  
・予約リストが空かどうかを判定し、空であれば「List is empty!」と表示  
・空でなければ `SortReservationsByDate` を呼び出してソート実行  
・ソート後に「Reservations Sorted Successfully!」と表示し、ポーズ画面へ
",予約リストがNULLでない場合、`SortReservationsByDate`関数を呼び出してリストをソートします。,"・ 画面 ヘッダー に 「 Sort   Reservations   By   Date 」 と 表示   
 ・ 予約 リスト が 空か どう か を 判定 し 、 空 で あれ ば 「 List   is   empty !」 と 表示   
 ・ 空 で なけれ ば   ` SortReservationsByDate `   を 呼び出し て ソート 実行   
 ・ ソート 後 に 「 Reservations   Sorted   Successfully !」 と 表示 し 、 ポーズ 画面 へ",予約 リスト が NULL で ない 場合 、 ` SortReservationsByDate ` 関数 を 呼び出し て リスト を ソート し ます 。,0.7037392854690552,0.00879577369419309,0.2727272727272727,0.3870967741935484,0.548
F047,SortReservationsByDateScreen,effect,ユーザーの操作によって、予約リストが日付順に並べ替えられる,リストがソートされ、成功メッセージが表示されます。,ユーザー の 操作 によって 、 予約 リスト が 日付 順 に 並べ 替え られる,リスト が ソート さ れ 、 成功 メッセージ が 表示 さ れ ます 。,0.5038013458251953,0.03342866121562732,0.21428571428571427,0.23999999999999996,0.3989
F047,SortReservationsByDateScreen,constraint,"・画面表示は常に行われる  
・ポインタで渡された ReservationList に対して破壊的にソートが適用される
",予約リストがNULLの場合、ソートは行われず、空のリストであることを通知するメッセージが表示されます。,"・ 画面 表示 は 常に 行わ れる   
 ・ ポインタ で 渡さ れ た   ReservationList   に対して 破壊 的 に ソート が 適用 さ れる",予約 リスト が NULL の 場合 、 ソート は 行わ れ ず 、 空 の リスト で ある こと を 通知 する メッセージ が 表示 さ れ ます 。,0.7384722828865051,0.010884267615693714,0.34782608695652173,0.3404255319148936,0.5876
F048,ReservationManagementMenu,trigger,ユーザーがメインメニューから予約管理画面を選択したとき,ユーザーが予約管理メニューを開くときにこの関数が呼び出されます。,ユーザー が メイン メニュー から 予約 管理 画面 を 選択 し た とき,ユーザー が 予約 管理 メニュー を 開く とき に この 関数 が 呼び出さ れ ます 。,0.7735561728477478,0.04231178541610579,0.5384615384615384,0.5,0.6534
F048,ReservationManagementMenu,action,"・画面を初期化し、予約管理用メニューを表示  
・ユーザーの入力(1〜5)に応じて対応する処理を実行  
  - 1: 新規予約追加(AddNewReservationScreen)  
  - 2: 予約削除(DeleteReservationScreen)  
  - 3: 予約一覧表示(DisplayReservationsScreen)  
  - 4: 日付順にソート(SortReservationsByDateScreen)  
  - 5: メインメニューに戻る  
・無効な入力には「Error!」と表示
",ユーザーにメニューを表示し、選択肢を入力させ、その選択に基づいて予約の追加、削除、表示、または日付でのソートを行います。,"・ 画面 を 初期 化 し 、 予約 管理 用 メニュー を 表示   
 ・ ユーザー の 入力 ( 1 〜 5 ) に 応じ て 対応 する 処理 を 実行   
   -   1 :   新規 予約 追加 ( AddNewReservationScreen )   
   -   2 :   予約 削除 ( DeleteReservationScreen )   
   -   3 :   予約 一覧 表示 ( DisplayReservationsScreen )   
   -   4 :   日付 順 に ソート ( SortReservationsByDateScreen )   
   -   5 :   メイン メニュー に 戻る   
 ・ 無効 な 入力 に は 「 Error !」 と 表示",ユーザー に メニュー を 表示 し 、 選択肢 を 入力 さ せ 、 その 選択 に 基づい て 予約 の 追加 、 削除 、 表示 、 または 日付 で の ソート を 行い ます 。,0.847894549369812,0.007001815862792859,0.2727272727272727,0.37037037037037035,0.6488
F048,ReservationManagementMenu,effect,ユーザーが予約情報の操作(追加・削除・表示・ソート)を選択して実行できる,ユーザーの選択に応じて予約管理操作が実行され、選択肢が5の場合はメニューが終了します。,ユーザー が 予約 情報 の 操作 ( 追加 ・ 削除 ・ 表示 ・ ソート ) を 選択 し て 実行 できる,ユーザー の 選択 に 応じ て 予約 管理 操作 が 実行 さ れ 、 選択肢 が 5 の 場合 は メニュー が 終了 し ます 。,0.8343703150749207,0.012584834793909198,0.47368421052631576,0.42857142857142855,0.6801
F048,ReservationManagementMenu,constraint,"・選択肢は 1〜5 に限定  
・すべての処理後には再度メニューが表示される(5を選ぶまでループ)  
・引数には予約・ユーザー・部屋の情報が渡されている必要がある
",ユーザーの入力が1から5の範囲外の場合、エラーメッセージを表示し、再度選択を促します。,"・ 選択肢 は   1 〜 5   に 限定   
 ・ すべて の 処理 後 に は 再度 メニュー が 表示 さ れる ( 5 を 選ぶ まで ループ )   
 ・ 引数 に は 予約 ・ ユーザー ・ 部屋 の 情報 が 渡さ れ て いる 必要 が ある",ユーザー の 入力 が 1 から 5 の 範囲 外 の 場合 、 エラーメッセージ を 表示 し 、 再度 選択 を 促し ます 。,0.6908947229385376,0.004449734223022064,0.21621621621621623,0.2807017543859649,0.5273
